Gene,Trait,Group,Z_eQTLGen,Z_GTEx,Same_Direction
RPS8,DR,44_NonCandidate_HOTAIR,26.5358,8.5157,True
CCT3,DR,44_NonCandidate_HOTAIR,-6.3203,-1.2134,True
GRB14,DR,30_T2DM_Control,0.673,3.2408,True
PPARG,DR,30_T2DM_Control,-1.3366,-5.3308,True
RPL14,DR,44_NonCandidate_HOTAIR,7.3506,0.8148,True
RPN1,DR,44_NonCandidate_HOTAIR,-7.5917,-2.7063,True
ST6GAL1,DR,30_T2DM_Control,1.2084,-0.8062,False
ANXA5,DR,44_NonCandidate_HOTAIR,-3.2574,-1.5379,True
PAM,DR,30_T2DM_Control,11.532,0.206,True
CDKAL1,DR,30_T2DM_Control,2.4599,6.6261,True
RPL10A,DR,44_NonCandidate_HOTAIR,-4.1237,-107.3873,True
JAZF1,DR,30_T2DM_Control,-3.5353,-2.429,True
HSPB1,DR,44_NonCandidate_HOTAIR,6.8638,4.4436,True
PUF60,DR,44_NonCandidate_HOTAIR,-0.3587,1.5585,False
ANXA1,DR,44_NonCandidate_HOTAIR,-1.7293,1.2913,False
CAMK1D,DR,30_T2DM_Control,3.0947,3.9862,True
HHEX,DR,30_T2DM_Control,-6.682,2.0459,False
DUSP8,DR,30_T2DM_Control,-8.6822,6.2101,False
RPL27A,DR,44_NonCandidate_HOTAIR,-3.1107,0.4733,False
KCNJ11,DR,30_T2DM_Control,0.819,1.6434,True
SERPINH1,DR,44_NonCandidate_HOTAIR,-3.7162,-1.0797,True
PNN,DR,44_NonCandidate_HOTAIR,-21.5496,-15.6446,True
EHD4,DR,44_NonCandidate_HOTAIR,-0.7085,12.2496,False
PDIA3,DR,44_NonCandidate_HOTAIR,-3.5215,1.6521,False
MFAP1,DR,44_NonCandidate_HOTAIR,14.3329,3.4332,True
FTO,DR,30_T2DM_Control,2.0337,9.3398,True
RPL13,DR,44_NonCandidate_HOTAIR,12.6192,-3.1546,False
C1QBP,DR,44_NonCandidate_HOTAIR,-0.7841,0.4253,False
VAT1,DR,44_NonCandidate_HOTAIR,-6.8872,-0.6357,True
GNA13,DR,44_NonCandidate_HOTAIR,-10.0601,-6.9307,True
RPL17,DR,44_NonCandidate_HOTAIR,8.3437,-2.9221,False
EEF2,DR,44_NonCandidate_HOTAIR,3.1606,1.0465,True
UBA52,DR,44_NonCandidate_HOTAIR,-8.6837,0.195,False
RRBP1,DR,44_NonCandidate_HOTAIR,-6.9254,1.0946,False
RPS8,DN,44_NonCandidate_HOTAIR,22.7541,6.8474,True
CCT3,DN,44_NonCandidate_HOTAIR,12.7509,3.1257,True
GRB14,DN,30_T2DM_Control,0.8152,7.0874,True
PPARG,DN,30_T2DM_Control,7.8666,0.2355,True
RPL14,DN,44_NonCandidate_HOTAIR,-5.7288,-0.4695,True
RPN1,DN,44_NonCandidate_HOTAIR,-3.3871,1.471,False
ST6GAL1,DN,30_T2DM_Control,-6.4247,-2.8081,True
ANXA5,DN,44_NonCandidate_HOTAIR,-2.0167,5.6947,False
PAM,DN,30_T2DM_Control,-13.1598,-0.5945,True
CDKAL1,DN,30_T2DM_Control,-0.8506,9.1975,False
RPL10A,DN,44_NonCandidate_HOTAIR,0.3645,-45.0479,False
JAZF1,DN,30_T2DM_Control,-0.2358,-1.4627,True
HSPB1,DN,44_NonCandidate_HOTAIR,6.9983,3.7658,True
PUF60,DN,44_NonCandidate_HOTAIR,-1.2309,0.8636,False
ANXA1,DN,44_NonCandidate_HOTAIR,0.5524,1.7561,True
CAMK1D,DN,30_T2DM_Control,-4.3204,2.8468,False
HHEX,DN,30_T2DM_Control,-7.8096,1.1705,False
DUSP8,DN,30_T2DM_Control,-11.2647,-3.8558,True
RPL27A,DN,44_NonCandidate_HOTAIR,2.6122,0.8632,True
KCNJ11,DN,30_T2DM_Control,-0.1962,0.2828,False
SERPINH1,DN,44_NonCandidate_HOTAIR,4.3592,-1.0321,False
PNN,DN,44_NonCandidate_HOTAIR,-23.6811,6.7058,False
EHD4,DN,44_NonCandidate_HOTAIR,1.4779,1.5661,True
PDIA3,DN,44_NonCandidate_HOTAIR,2.8478,1.3674,True
MFAP1,DN,44_NonCandidate_HOTAIR,14.261,3.2953,True
FTO,DN,30_T2DM_Control,11.6604,19.6962,True
RPL13,DN,44_NonCandidate_HOTAIR,0.2723,0.0592,True
C1QBP,DN,44_NonCandidate_HOTAIR,3.2641,-1.353,False
VAT1,DN,44_NonCandidate_HOTAIR,-4.1369,-0.3804,True
GNA13,DN,44_NonCandidate_HOTAIR,-6.5213,-6.4415,True
RPL17,DN,44_NonCandidate_HOTAIR,-16.3668,6.8622,False
EEF2,DN,44_NonCandidate_HOTAIR,0.4942,-0.1918,False
UBA52,DN,44_NonCandidate_HOTAIR,2.5541,0.4208,True
RRBP1,DN,44_NonCandidate_HOTAIR,-7.3648,1.3665,False
RPS8,DPN,44_NonCandidate_HOTAIR,6.3228,2.7498,True
CCT3,DPN,44_NonCandidate_HOTAIR,10.6936,2.568,True
GRB14,DPN,30_T2DM_Control,-0.6713,-6.2231,True
PPARG,DPN,30_T2DM_Control,3.5267,-6.3268,False
RPL14,DPN,44_NonCandidate_HOTAIR,-4.2668,-1.3889,True
RPN1,DPN,44_NonCandidate_HOTAIR,-7.2651,2.7169,False
ST6GAL1,DPN,30_T2DM_Control,4.3389,-2.4228,False
ANXA5,DPN,44_NonCandidate_HOTAIR,-3.3682,-7.9752,True
PAM,DPN,30_T2DM_Control,-22.8895,-1.4359,True
CDKAL1,DPN,30_T2DM_Control,-3.2592,0.9555,False
RPL10A,DPN,44_NonCandidate_HOTAIR,-7.3886,-52.7198,True
JAZF1,DPN,30_T2DM_Control,1.1019,-0.8571,False
HSPB1,DPN,44_NonCandidate_HOTAIR,5.3341,2.113,True
PUF60,DPN,44_NonCandidate_HOTAIR,0.6117,1.3391,True
ANXA1,DPN,44_NonCandidate_HOTAIR,1.8416,6.5321,True
CAMK1D,DPN,30_T2DM_Control,3.5025,-2.2566,False
HHEX,DPN,30_T2DM_Control,-10.6626,2.8636,False
DUSP8,DPN,30_T2DM_Control,-1.2759,2.897,False
RPL27A,DPN,44_NonCandidate_HOTAIR,3.6551,-0.9429,False
KCNJ11,DPN,30_T2DM_Control,-6.0571,0.7245,False
SERPINH1,DPN,44_NonCandidate_HOTAIR,0.5738,0.4332,True
PNN,DPN,44_NonCandidate_HOTAIR,-34.8579,-8.8228,True
EHD4,DPN,44_NonCandidate_HOTAIR,2.7273,-9.0387,False
PDIA3,DPN,44_NonCandidate_HOTAIR,-3.6156,1.0609,False
MFAP1,DPN,44_NonCandidate_HOTAIR,-2.5355,-1.1947,True
FTO,DPN,30_T2DM_Control,9.4061,-2.0606,False
RPL13,DPN,44_NonCandidate_HOTAIR,0.4612,0.4133,True
C1QBP,DPN,44_NonCandidate_HOTAIR,1.5695,-1.8171,False
VAT1,DPN,44_NonCandidate_HOTAIR,-24.4594,-1.7857,True
GNA13,DPN,44_NonCandidate_HOTAIR,0.9145,3.9429,True
RPL17,DPN,44_NonCandidate_HOTAIR,-3.0482,-1.2639,True
EEF2,DPN,44_NonCandidate_HOTAIR,3.7826,3.274,True
UBA52,DPN,44_NonCandidate_HOTAIR,-3.0292,-2.6012,True
RRBP1,DPN,44_NonCandidate_HOTAIR,-2.1606,-0.3309,True
