gene,ensg,trait,zscore,pvalue,n_snps_model,n_snps_matched,n_dropped,grp
ACTB,ENSG00000075624,DR,1.5653,0.11751677186446778,23,23,0,Candidate
ANKRD40,ENSG00000154945,DR,-1.9986,0.04564739970638693,137,130,7,HK_v2
ANXA1,ENSG00000135046,DR,2.1391,0.032424009413198396,1635,1572,63,NonCandidate
ANXA5,ENSG00000164111,DR,-1.5413,0.12323188716244564,1769,1654,115,NonCandidate
AP3M1,ENSG00000185009,DR,3.0134,0.0025831296902191756,863,823,40,HK_v2
ATG101,ENSG00000123395,DR,-2.0264,0.042728200183012266,161,156,5,HK_v2
C1QBP,ENSG00000108561,DR,0.76,0.4472449338788143,64,56,8,NonCandidate
CAMK1D,ENSG00000183049,DR,3.0832,0.002047631269012409,1402,1276,126,T2DM_Control
CCT3,ENSG00000163468,DR,-1.9465,0.051593914611430126,579,545,34,NonCandidate
CDKAL1,ENSG00000145996,DR,0.7504,0.4529858603121576,820,779,41,T2DM_Control
CFDP1,ENSG00000153774,DR,-1.2473,0.21226936827086532,1387,1317,70,HK_v2
CKAP4,ENSG00000136026,DR,4.7549,1.9854708184169584e-06,659,633,26,Candidate
CUL1,ENSG00000055130,DR,-2.4436,0.014540639250782946,275,261,14,HK_v2
DCTN2,ENSG00000175203,DR,4.9961,5.849405215372343e-07,233,219,14,HK_v2
DDX5,ENSG00000108654,DR,-3.8681,0.00010966765002007246,367,335,32,Candidate
DNAJC4,ENSG00000110011,DR,-4.7196,2.362902267317932e-06,95,94,1,HK_v2
DUSP8,ENSG00000184545,DR,-7.6732,1.6772611588835177e-14,316,298,18,T2DM_Control
E2F4,ENSG00000205250,DR,-6.6232,3.515393421497344e-11,933,885,48,HK_v2
EEF2,ENSG00000167658,DR,-0.8271,0.4081993379442447,206,188,18,NonCandidate
EHD4,ENSG00000103966,DR,2.3279,0.01991723380051117,1731,1631,100,NonCandidate
EIF4H,ENSG00000106682,DR,-1.7202,0.08539685215904445,156,150,6,Candidate
FIBP,ENSG00000172500,DR,0.8001,0.4236650713474312,986,915,71,HK_v2
FTO,ENSG00000140718,DR,0.3964,0.6917780218043132,415,406,9,T2DM_Control
GCKR,ENSG00000084734,DR,,,0,0,0,T2DM_Control
GNA13,ENSG00000120063,DR,-14.0655,6.189226947577264e-45,215,196,19,NonCandidate
GOLGA3,ENSG00000090615,DR,-6.9412,3.887973165441306e-12,947,778,169,HK_v2
GRB14,ENSG00000115290,DR,-3.7593,0.00017037335835182887,239,231,8,T2DM_Control
H2AFV,ENSG00000105968,DR,0.3956,0.6924034983519683,265,248,17,Candidate
HHEX,ENSG00000152804,DR,-2.468,0.013588193621355917,1312,1243,69,T2DM_Control
HNRNPK,ENSG00000165119,DR,2.1435,0.03207651090624507,2,1,1,NonCandidate
HSP90AB1,ENSG00000096384,DR,-1.2968,0.19471224075517682,21,21,0,Candidate
HSP90B1,ENSG00000166598,DR,-1.4469,0.14793259169292844,135,132,3,Candidate
HSPB1,ENSG00000106211,DR,2.3839,0.017128756217882842,427,415,12,NonCandidate
HSPD1,ENSG00000144381,DR,,,0,0,0,NonCandidate
ILF2,ENSG00000143621,DR,-0.7208,0.4710150667381472,153,140,13,Candidate
JAZF1,ENSG00000153814,DR,-6.1906,5.992102566373391e-10,869,816,53,T2DM_Control
KCNJ11,ENSG00000187486,DR,2.7149,0.006630065720994058,467,448,19,T2DM_Control
KDM4B,ENSG00000127663,DR,3.3463,0.0008190189011925791,706,658,48,HK_v2
KLF14,ENSG00000266265,DR,,,0,0,0,T2DM_Control
LSM12,ENSG00000161654,DR,-6.3195,2.6245638979220896e-10,90,87,3,HK_v2
MAPK1IP1L,ENSG00000168175,DR,0.8693,0.38468934485052453,88,80,8,HK_v2
MCMBP,ENSG00000197771,DR,-4.6111,4.004960888365126e-06,1577,1479,98,HK_v2
MFAP1,ENSG00000140259,DR,3.5253,0.0004229784812016722,833,773,60,NonCandidate
MYH9,ENSG00000100345,DR,-0.0683,0.9455450603245809,391,365,26,NonCandidate
NCL,ENSG00000115053,DR,0.164,0.8697100222993936,515,496,19,NonCandidate
PAM,ENSG00000145730,DR,1.4742,0.14043954770459757,5032,4670,362,T2DM_Control
PCBP2,ENSG00000197111,DR,,,0,0,0,NonCandidate
PDIA3,ENSG00000167004,DR,-0.2749,0.7834038550282054,417,394,23,NonCandidate
PDIA6,ENSG00000143870,DR,1.1564,0.24753742778116364,590,565,25,NonCandidate
PNN,ENSG00000100941,DR,-5.1735,2.298095424027592e-07,825,758,67,NonCandidate
PPARG,ENSG00000132170,DR,-2.5581,0.010524139216298748,1511,1431,80,T2DM_Control
PSMC1,ENSG00000100764,DR,1.7742,0.07602981900784271,159,155,4,HK_v2
PUF60,ENSG00000179950,DR,0.1338,0.8935651929908845,20,20,0,NonCandidate
RABGGTB,ENSG00000137955,DR,2.5438,0.010965692257333699,1238,1150,88,HK_v2
RBX1,ENSG00000100387,DR,,,0,0,0,HK_v2
RNF181,ENSG00000168894,DR,1.6415,0.10068453969430764,155,150,5,HK_v2
RNH1,ENSG00000023191,DR,13.318,1.8202993226245894e-40,898,726,172,Candidate
RNPS1,ENSG00000205937,DR,-0.4143,0.6786471362123593,261,246,15,HK_v2
RPL10A,ENSG00000198755,DR,4.4431,8.867319285955881e-06,1460,1408,52,NonCandidate
RPL13,ENSG00000167526,DR,3.4954,0.00047338467047222514,2059,1782,277,Excluded_NonTestbed
RPL13A,ENSG00000142541,DR,3.3275,0.000876240361145691,629,575,54,Candidate
RPL14,ENSG00000188846,DR,1.8947,0.058138391277676074,1441,1335,106,NonCandidate
RPL17,ENSG00000265681,DR,2.8261,0.004711997667914166,1352,1258,94,Excluded_NonTestbed
RPL27A,ENSG00000166441,DR,-0.1166,0.9072151523593618,901,859,42,NonCandidate
RPL5,ENSG00000122406,DR,,,0,0,0,Candidate
RPL7A,ENSG00000148303,DR,1.2487,0.21178563867299777,1,1,0,Excluded_NonTestbed
RPL8,ENSG00000161016,DR,-1.2332,0.21749864827413318,1349,1235,114,Candidate
RPLP0,ENSG00000089157,DR,2.9059,0.003661419309450156,133,126,7,Candidate
RPN1,ENSG00000163902,DR,-2.0142,0.04398400684018885,929,865,64,NonCandidate
RPS13,ENSG00000110700,DR,1.2012,0.22966197927300286,145,136,9,Candidate
RPS14,ENSG00000164587,DR,0.5389,0.5899893937487242,208,197,11,Candidate
RPS16,ENSG00000105193,DR,-2.3493,0.01881034985842361,406,386,20,Candidate
RPS18,ENSG00000231500,DR,13.4014,5.936681104238907e-41,992,379,613,Candidate
RPS25,ENSG00000118181,DR,2.7936,0.005212579978402457,182,174,8,Candidate
RPS3,ENSG00000149273,DR,1.5584,0.11914052488089344,26,25,1,Candidate
RPS3A,ENSG00000145425,DR,4.0063,6.16716631293984e-05,793,750,43,NonCandidate
RPS8,ENSG00000142937,DR,5.1913,2.087949373900304e-07,1541,1424,117,NonCandidate
RPSA,ENSG00000168028,DR,-0.3236,0.7462110525475729,505,475,30,Candidate
RRBP1,ENSG00000125844,DR,-5.9109,3.4027358119876455e-09,576,562,14,NonCandidate
SDF4,ENSG00000078808,DR,5.6697,1.4304470610500783e-08,575,502,73,HK_v2
SDHAF2,ENSG00000167985,DR,43.1912,0.0,17,17,0,HK_v2
SEC13,ENSG00000157020,DR,2.0783,0.03767893488948559,1420,1317,103,HK_v2
SERPINB9,ENSG00000170542,DR,,,909,0,909,NonCandidate
SERPINH1,ENSG00000149257,DR,-3.2174,0.0012933935354911127,461,447,14,Excluded_NonTestbed
SF3B4,ENSG00000143368,DR,,,0,0,0,HK_v2
SLC16A11,ENSG00000174326,DR,0.0176,0.985921966453194,59,53,6,T2DM_Control
SPRYD3,ENSG00000167778,DR,12.6451,1.1911305254248218e-36,392,372,20,HK_v2
SRM,ENSG00000116649,DR,-11.7831,4.7681400294603683e-32,39,39,0,HK_v2
ST6GAL1,ENSG00000073849,DR,2.8041,0.005045343953995661,669,612,57,T2DM_Control
STX4,ENSG00000103496,DR,-2.0462,0.0407386207804282,1112,1025,87,HK_v2
TCF7L2,ENSG00000148737,DR,1.6537,0.09818276067092155,285,266,19,T2DM_Control
TOMM20,ENSG00000173726,DR,-2.53,0.011404765948946818,252,238,14,HK_v2
TPM4,ENSG00000167460,DR,-4.3295,1.4943646503836477e-05,125,123,2,Excluded_NonTestbed
TRIP12,ENSG00000153827,DR,-1.5775,0.11469061077899895,538,506,32,HK_v2
TUBB,ENSG00000196230,DR,48.516,0.0,1848,359,1489,Candidate
TUT1,ENSG00000149016,DR,4.0171,5.8911825699229746e-05,106,99,7,HK_v2
U2AF2,ENSG00000063244,DR,-7.7331,1.0492354632140024e-14,98,95,3,HK_v2
UBA52,ENSG00000221983,DR,-2.3164,0.020534289392469606,674,619,55,NonCandidate
VAT1,ENSG00000108828,DR,-0.657,0.5111951573375303,1141,1047,94,Excluded_NonTestbed
VCP,ENSG00000165280,DR,1.4652,0.14287570428057886,985,936,49,Candidate
XRCC5,ENSG00000079246,DR,-0.9888,0.3227633371339676,381,370,11,Candidate
XRCC6,ENSG00000196419,DR,3.8757,0.00010630958994179188,512,495,17,Candidate
YWHAQ,ENSG00000134308,DR,2.2312,0.025670022750646233,422,398,24,Candidate
ACTB,ENSG00000075624,DN,-0.0601,0.9521049631491663,23,23,0,Candidate
ANKRD40,ENSG00000154945,DN,-2.4969,0.012529615601251555,137,130,7,HK_v2
ANXA1,ENSG00000135046,DN,0.9673,0.3333730876522969,1635,1572,63,NonCandidate
ANXA5,ENSG00000164111,DN,-1.6541,0.09811236504462531,1769,1654,115,NonCandidate
AP3M1,ENSG00000185009,DN,3.3991,0.000676034393290847,863,823,40,HK_v2
ATG101,ENSG00000123395,DN,-0.5408,0.5886121028043584,161,156,5,HK_v2
C1QBP,ENSG00000108561,DN,4.452,8.508873868770767e-06,64,56,8,NonCandidate
CAMK1D,ENSG00000183049,DN,1.881,0.05996847282349197,1402,1276,126,T2DM_Control
CCT3,ENSG00000163468,DN,3.3346,0.00085435278659171,579,545,34,NonCandidate
CDKAL1,ENSG00000145996,DN,-1.2657,0.20560405498295817,820,779,41,T2DM_Control
CFDP1,ENSG00000153774,DN,-0.5867,0.5574055133320481,1387,1317,70,HK_v2
CKAP4,ENSG00000136026,DN,-0.8613,0.389071935378518,659,633,26,Candidate
CUL1,ENSG00000055130,DN,-1.445,0.1484683855458744,275,261,14,HK_v2
DCTN2,ENSG00000175203,DN,-0.6134,0.5396151631046957,233,219,14,HK_v2
DDX5,ENSG00000108654,DN,2.2761,0.022840501707395912,367,335,32,Candidate
DNAJC4,ENSG00000110011,DN,-2.6101,0.009051878978800543,95,94,1,HK_v2
DUSP8,ENSG00000184545,DN,-6.7436,1.5446562103308327e-11,316,298,18,T2DM_Control
E2F4,ENSG00000205250,DN,2.5263,0.01152839241443426,933,885,48,HK_v2
EEF2,ENSG00000167658,DN,-2.8683,0.004127454253836803,206,188,18,NonCandidate
EHD4,ENSG00000103966,DN,1.3273,0.18439329686034264,1731,1631,100,NonCandidate
EIF4H,ENSG00000106682,DN,0.9121,0.36169858680855,156,150,6,Candidate
FIBP,ENSG00000172500,DN,4.5182,6.237363113139299e-06,986,915,71,HK_v2
FTO,ENSG00000140718,DN,3.1078,0.001884946300253968,415,406,9,T2DM_Control
GCKR,ENSG00000084734,DN,,,0,0,0,T2DM_Control
GNA13,ENSG00000120063,DN,-10.4523,1.4304002450502068e-25,215,196,19,NonCandidate
GOLGA3,ENSG00000090615,DN,-3.6641,0.00024822535771300427,947,778,169,HK_v2
GRB14,ENSG00000115290,DN,1.0794,0.28041540998295134,239,231,8,T2DM_Control
H2AFV,ENSG00000105968,DN,-6.4011,1.542749345449742e-10,265,248,17,Candidate
HHEX,ENSG00000152804,DN,-4.6957,2.656414529108749e-06,1312,1243,69,T2DM_Control
HNRNPK,ENSG00000165119,DN,0.1628,0.8706393294088312,2,1,1,NonCandidate
HSP90AB1,ENSG00000096384,DN,4.0363,5.4294197723080915e-05,21,21,0,Candidate
HSP90B1,ENSG00000166598,DN,2.5985,0.009364097541755092,135,132,3,Candidate
HSPB1,ENSG00000106211,DN,3.4717,0.0005172182065904892,427,415,12,NonCandidate
HSPD1,ENSG00000144381,DN,,,0,0,0,NonCandidate
ILF2,ENSG00000143621,DN,0.8588,0.3904564551471608,153,140,13,Candidate
JAZF1,ENSG00000153814,DN,-0.4858,0.6271212785472343,869,816,53,T2DM_Control
KCNJ11,ENSG00000187486,DN,-0.1127,0.9102449110793576,467,448,19,T2DM_Control
KDM4B,ENSG00000127663,DN,-4.1722,3.0161020449046205e-05,706,658,48,HK_v2
KLF14,ENSG00000266265,DN,,,0,0,0,T2DM_Control
LSM12,ENSG00000161654,DN,-2.1812,0.029165645239451417,90,87,3,HK_v2
MAPK1IP1L,ENSG00000168175,DN,1.2643,0.20612777518760944,88,80,8,HK_v2
MCMBP,ENSG00000197771,DN,2.3076,0.021020348006064456,1577,1479,98,HK_v2
MFAP1,ENSG00000140259,DN,3.7894,0.0001510377223169423,833,773,60,NonCandidate
MYH9,ENSG00000100345,DN,-0.2684,0.7883904564376392,391,365,26,NonCandidate
NCL,ENSG00000115053,DN,-6.5139,7.324340380653141e-11,515,496,19,NonCandidate
PAM,ENSG00000145730,DN,0.2045,0.8379661960238978,5032,4670,362,T2DM_Control
PCBP2,ENSG00000197111,DN,,,0,0,0,NonCandidate
PDIA3,ENSG00000167004,DN,0.9568,0.3386605702072459,417,394,23,NonCandidate
PDIA6,ENSG00000143870,DN,2.0887,0.036738655281920614,590,565,25,NonCandidate
PNN,ENSG00000100941,DN,-6.2893,3.1884500490952807e-10,825,758,67,NonCandidate
PPARG,ENSG00000132170,DN,3.2474,0.0011646134377485226,1511,1431,80,T2DM_Control
PSMC1,ENSG00000100764,DN,1.1638,0.24451263663827152,159,155,4,HK_v2
PUF60,ENSG00000179950,DN,-5.6169,1.9443651361951244e-08,20,20,0,NonCandidate
RABGGTB,ENSG00000137955,DN,2.3045,0.02119183808170933,1238,1150,88,HK_v2
RBX1,ENSG00000100387,DN,,,0,0,0,HK_v2
RNF181,ENSG00000168894,DN,-1.0416,0.29758292128181807,155,150,5,HK_v2
RNH1,ENSG00000023191,DN,6.8867,5.711247577172538e-12,898,726,172,Candidate
RNPS1,ENSG00000205937,DN,0.2126,0.8316770657867404,261,246,15,HK_v2
RPL10A,ENSG00000198755,DN,5.203,1.9612620731024334e-07,1460,1408,52,NonCandidate
RPL13,ENSG00000167526,DN,-0.7879,0.4307417790151459,2059,1782,277,Excluded_NonTestbed
RPL13A,ENSG00000142541,DN,-7.6972,1.3911778861311635e-14,629,575,54,Candidate
RPL14,ENSG00000188846,DN,-0.8988,0.3687737905533427,1441,1335,106,NonCandidate
RPL17,ENSG00000265681,DN,-5.5993,2.1525310874421634e-08,1352,1258,94,Excluded_NonTestbed
RPL27A,ENSG00000166441,DN,2.6767,0.007435635483424155,901,859,42,NonCandidate
RPL5,ENSG00000122406,DN,,,0,0,0,Candidate
RPL7A,ENSG00000148303,DN,7.6991,1.3706354922608836e-14,1,1,0,Excluded_NonTestbed
RPL8,ENSG00000161016,DN,0.8589,0.3903821050444562,1349,1235,114,Candidate
RPLP0,ENSG00000089157,DN,6.2235,4.862068049138811e-10,133,126,7,Candidate
RPN1,ENSG00000163902,DN,1.1368,0.2556312398988478,929,865,64,NonCandidate
RPS13,ENSG00000110700,DN,-0.3044,0.7607903248890489,145,136,9,Candidate
RPS14,ENSG00000164587,DN,1.1861,0.23558731182435516,208,197,11,Candidate
RPS16,ENSG00000105193,DN,-1.6352,0.10200392446139388,406,386,20,Candidate
RPS18,ENSG00000231500,DN,6.7336,1.655456939138428e-11,992,379,613,Candidate
RPS25,ENSG00000118181,DN,-0.3388,0.734787305079256,182,174,8,Candidate
RPS3,ENSG00000149273,DN,-0.2605,0.7944471721280439,26,25,1,Candidate
RPS3A,ENSG00000145425,DN,-1.9969,0.045835294029285455,793,750,43,NonCandidate
RPS8,ENSG00000142937,DN,5.9686,2.393632279747577e-09,1541,1424,117,NonCandidate
RPSA,ENSG00000168028,DN,5.1867,2.1402130538295035e-07,505,475,30,Candidate
RRBP1,ENSG00000125844,DN,-7.6399,2.1733988503205616e-14,576,562,14,NonCandidate
SDF4,ENSG00000078808,DN,7.4528,9.135897932627145e-14,575,502,73,HK_v2
SDHAF2,ENSG00000167985,DN,-5.9051,3.5240165129452642e-09,17,17,0,HK_v2
SEC13,ENSG00000157020,DN,0.6328,0.526878303964218,1420,1317,103,HK_v2
SERPINB9,ENSG00000170542,DN,,,909,0,909,NonCandidate
SERPINH1,ENSG00000149257,DN,-2.7494,0.005969740013110106,461,447,14,Excluded_NonTestbed
SF3B4,ENSG00000143368,DN,,,0,0,0,HK_v2
SLC16A11,ENSG00000174326,DN,-1.0326,0.30181022580508104,59,53,6,T2DM_Control
SPRYD3,ENSG00000167778,DN,-0.868,0.3853780478859668,392,372,20,HK_v2
SRM,ENSG00000116649,DN,5.5195,3.399730209751918e-08,39,39,0,HK_v2
ST6GAL1,ENSG00000073849,DN,-2.1131,0.03458967479261263,669,612,57,T2DM_Control
STX4,ENSG00000103496,DN,-3.0899,0.002002145616960965,1112,1025,87,HK_v2
TCF7L2,ENSG00000148737,DN,-0.6037,0.546045167507291,285,266,19,T2DM_Control
TOMM20,ENSG00000173726,DN,-0.2331,0.8156681231144871,252,238,14,HK_v2
TPM4,ENSG00000167460,DN,0.5717,0.5674939139191206,125,123,2,Excluded_NonTestbed
TRIP12,ENSG00000153827,DN,0.717,0.47334939228535167,538,506,32,HK_v2
TUBB,ENSG00000196230,DN,40.3111,0.0,1848,359,1489,Candidate
TUT1,ENSG00000149016,DN,2.2122,0.02695248970355653,106,99,7,HK_v2
U2AF2,ENSG00000063244,DN,-5.9062,3.5017614517132434e-09,98,95,3,HK_v2
UBA52,ENSG00000221983,DN,-2.6782,0.0074023144735974045,674,619,55,NonCandidate
VAT1,ENSG00000108828,DN,-0.2103,0.8334212629051257,1141,1047,94,Excluded_NonTestbed
VCP,ENSG00000165280,DN,0.2941,0.7686461328613227,985,936,49,Candidate
XRCC5,ENSG00000079246,DN,2.8802,0.0039744233774866135,381,370,11,Candidate
XRCC6,ENSG00000196419,DN,1.282,0.1998529643535098,512,495,17,Candidate
YWHAQ,ENSG00000134308,DN,-4.681,2.855472558322192e-06,422,398,24,Candidate
ACTB,ENSG00000075624,DPN,1.3009,0.1932861568410619,23,23,0,Candidate
ANKRD40,ENSG00000154945,DPN,1.9645,0.0494721090993931,137,130,7,HK_v2
ANXA1,ENSG00000135046,DPN,5.7086,1.1390698191626484e-08,1635,1572,63,NonCandidate
ANXA5,ENSG00000164111,DPN,-1.0043,0.3152530596182926,1769,1654,115,NonCandidate
AP3M1,ENSG00000185009,DPN,2.9126,0.0035842061261575223,863,823,40,HK_v2
ATG101,ENSG00000123395,DPN,2.5091,0.012103881987396332,161,156,5,HK_v2
C1QBP,ENSG00000108561,DPN,0.9636,0.33523273403942055,64,56,8,NonCandidate
CAMK1D,ENSG00000183049,DPN,-2.5799,0.009882585901036835,1402,1276,126,T2DM_Control
CCT3,ENSG00000163468,DPN,2.5588,0.010504832751257288,579,545,34,NonCandidate
CDKAL1,ENSG00000145996,DPN,-3.8137,0.00013689718177021116,820,779,41,T2DM_Control
CFDP1,ENSG00000153774,DPN,-0.2062,0.8366398805132783,1387,1317,70,HK_v2
CKAP4,ENSG00000136026,DPN,2.2955,0.021703316600163725,659,633,26,Candidate
CUL1,ENSG00000055130,DPN,-1.7893,0.0735672992574888,275,261,14,HK_v2
DCTN2,ENSG00000175203,DPN,2.9523,0.003153861334859591,233,219,14,HK_v2
DDX5,ENSG00000108654,DPN,7.0147,2.3036151702034465e-12,367,335,32,Candidate
DNAJC4,ENSG00000110011,DPN,-0.4042,0.6860569019673561,95,94,1,HK_v2
DUSP8,ENSG00000184545,DPN,-0.63,0.5286907877457139,316,298,18,T2DM_Control
E2F4,ENSG00000205250,DPN,3.066,0.002169368354709197,933,885,48,HK_v2
EEF2,ENSG00000167658,DPN,4.3195,1.564041908238304e-05,206,188,18,NonCandidate
EHD4,ENSG00000103966,DPN,1.6665,0.09560929722085884,1731,1631,100,NonCandidate
EIF4H,ENSG00000106682,DPN,-3.5981,0.00032058169381556155,156,150,6,Candidate
FIBP,ENSG00000172500,DPN,-3.045,0.002326530787639598,986,915,71,HK_v2
FTO,ENSG00000140718,DPN,1.5747,0.11533411808893208,415,406,9,T2DM_Control
GCKR,ENSG00000084734,DPN,,,0,0,0,T2DM_Control
GNA13,ENSG00000120063,DPN,2.7817,0.005408008151476509,215,196,19,NonCandidate
GOLGA3,ENSG00000090615,DPN,-0.1335,0.8937830748368505,947,778,169,HK_v2
GRB14,ENSG00000115290,DPN,-3.252,0.001145769208836089,239,231,8,T2DM_Control
H2AFV,ENSG00000105968,DPN,3.2699,0.0010757157925244838,265,248,17,Candidate
HHEX,ENSG00000152804,DPN,-4.5995,4.235566402654087e-06,1312,1243,69,T2DM_Control
HNRNPK,ENSG00000165119,DPN,-1.2789,0.20093520220924518,2,1,1,NonCandidate
HSP90AB1,ENSG00000096384,DPN,-2.0513,0.04024104161625565,21,21,0,Candidate
HSP90B1,ENSG00000166598,DPN,2.6535,0.007965173476926412,135,132,3,Candidate
HSPB1,ENSG00000106211,DPN,2.6011,0.009293565042750267,427,415,12,NonCandidate
HSPD1,ENSG00000144381,DPN,,,0,0,0,NonCandidate
ILF2,ENSG00000143621,DPN,-1.5578,0.11928914723265817,153,140,13,Candidate
JAZF1,ENSG00000153814,DPN,-1.6458,0.09981111178480166,869,816,53,T2DM_Control
KCNJ11,ENSG00000187486,DPN,2.2107,0.027054716897218105,467,448,19,T2DM_Control
KDM4B,ENSG00000127663,DPN,5.8862,3.950733076726424e-09,706,658,48,HK_v2
KLF14,ENSG00000266265,DPN,,,0,0,0,T2DM_Control
LSM12,ENSG00000161654,DPN,-2.9759,0.002921411925028046,90,87,3,HK_v2
MAPK1IP1L,ENSG00000168175,DPN,-1.3931,0.163587337668577,88,80,8,HK_v2
MCMBP,ENSG00000197771,DPN,-2.0077,0.04467543743345876,1577,1479,98,HK_v2
MFAP1,ENSG00000140259,DPN,-1.6017,0.10922057946707779,833,773,60,NonCandidate
MYH9,ENSG00000100345,DPN,1.9131,0.05573021619194115,391,365,26,NonCandidate
NCL,ENSG00000115053,DPN,1.42,0.15560408354538802,515,496,19,NonCandidate
PAM,ENSG00000145730,DPN,-3.1869,0.0014379464795107944,5032,4670,362,T2DM_Control
PCBP2,ENSG00000197111,DPN,,,0,0,0,NonCandidate
PDIA3,ENSG00000167004,DPN,-0.0757,0.939656295467629,417,394,23,NonCandidate
PDIA6,ENSG00000143870,DPN,1.3425,0.17942719792052533,590,565,25,NonCandidate
PNN,ENSG00000100941,DPN,-9.7507,1.831720668526676e-22,825,758,67,NonCandidate
PPARG,ENSG00000132170,DPN,1.0101,0.31243418133119866,1511,1431,80,T2DM_Control
PSMC1,ENSG00000100764,DPN,1.3983,0.1620363268278186,159,155,4,HK_v2
PUF60,ENSG00000179950,DPN,5.4394,5.344835561313559e-08,20,20,0,NonCandidate
RABGGTB,ENSG00000137955,DPN,6.585,4.54810073282878e-11,1238,1150,88,HK_v2
RBX1,ENSG00000100387,DPN,,,0,0,0,HK_v2
RNF181,ENSG00000168894,DPN,0.6511,0.5149980418039192,155,150,5,HK_v2
RNH1,ENSG00000023191,DPN,9.5017,2.065359899948672e-21,898,726,172,Candidate
RNPS1,ENSG00000205937,DPN,1.4052,0.1599573638774818,261,246,15,HK_v2
RPL10A,ENSG00000198755,DPN,2.4027,0.01627347753119393,1460,1408,52,NonCandidate
RPL13,ENSG00000167526,DPN,-0.0348,0.9722464560562538,2059,1782,277,Excluded_NonTestbed
RPL13A,ENSG00000142541,DPN,3.2617,0.0011076357376963632,629,575,54,Candidate
RPL14,ENSG00000188846,DPN,-0.9808,0.32670453530698884,1441,1335,106,NonCandidate
RPL17,ENSG00000265681,DPN,-1.0496,0.2939109399734567,1352,1258,94,Excluded_NonTestbed
RPL27A,ENSG00000166441,DPN,0.5271,0.5981448477028992,901,859,42,NonCandidate
RPL5,ENSG00000122406,DPN,,,0,0,0,Candidate
RPL7A,ENSG00000148303,DPN,-0.2428,0.8081573225221644,1,1,0,Excluded_NonTestbed
RPL8,ENSG00000161016,DPN,-3.7373,0.00018600286657324483,1349,1235,114,Candidate
RPLP0,ENSG00000089157,DPN,3.1357,0.001714411920879978,133,126,7,Candidate
RPN1,ENSG00000163902,DPN,-0.6557,0.5119993715372799,929,865,64,NonCandidate
RPS13,ENSG00000110700,DPN,2.4198,0.015527314064750296,145,136,9,Candidate
RPS14,ENSG00000164587,DPN,1.2397,0.21509493046683467,208,197,11,Candidate
RPS16,ENSG00000105193,DPN,2.797,0.005157831782277532,406,386,20,Candidate
RPS18,ENSG00000231500,DPN,11.7829,4.784529140612698e-32,992,379,613,Candidate
RPS25,ENSG00000118181,DPN,1.9161,0.055355816867939465,182,174,8,Candidate
RPS3,ENSG00000149273,DPN,-8.0856,6.184327064511907e-16,26,25,1,Candidate
RPS3A,ENSG00000145425,DPN,4.3582,1.3110731506250176e-05,793,750,43,NonCandidate
RPS8,ENSG00000142937,DPN,0.8548,0.39264925759941205,1541,1424,117,NonCandidate
RPSA,ENSG00000168028,DPN,1.3001,0.1935599439058287,505,475,30,Candidate
RRBP1,ENSG00000125844,DPN,-2.3415,0.019208630514437823,576,562,14,NonCandidate
SDF4,ENSG00000078808,DPN,14.3472,1.1088710213144367e-46,575,502,73,HK_v2
SDHAF2,ENSG00000167985,DPN,-5.3089,1.1025889966768116e-07,17,17,0,HK_v2
SEC13,ENSG00000157020,DPN,-4.3297,1.492812949886352e-05,1420,1317,103,HK_v2
SERPINB9,ENSG00000170542,DPN,,,909,0,909,NonCandidate
SERPINH1,ENSG00000149257,DPN,2.8055,0.005023206651581185,461,447,14,Excluded_NonTestbed
SF3B4,ENSG00000143368,DPN,,,0,0,0,HK_v2
SLC16A11,ENSG00000174326,DPN,-1.4614,0.14390137928108923,59,53,6,T2DM_Control
SPRYD3,ENSG00000167778,DPN,-0.5364,0.5916993618914528,392,372,20,HK_v2
SRM,ENSG00000116649,DPN,16.3441,4.795287059714424e-60,39,39,0,HK_v2
ST6GAL1,ENSG00000073849,DPN,0.3598,0.7189656057406109,669,612,57,T2DM_Control
STX4,ENSG00000103496,DPN,0.101,0.9195371315849895,1112,1025,87,HK_v2
TCF7L2,ENSG00000148737,DPN,1.1512,0.24964814482219955,285,266,19,T2DM_Control
TOMM20,ENSG00000173726,DPN,-0.5179,0.6045247154736586,252,238,14,HK_v2
TPM4,ENSG00000167460,DPN,0.8229,0.4105783950807474,125,123,2,Excluded_NonTestbed
TRIP12,ENSG00000153827,DPN,-0.1605,0.8724939679169563,538,506,32,HK_v2
TUBB,ENSG00000196230,DPN,28.2254,2.8523028229119834e-175,1848,359,1489,Candidate
TUT1,ENSG00000149016,DPN,0.6132,0.5397518842044895,106,99,7,HK_v2
U2AF2,ENSG00000063244,DPN,-5.0129,5.361003799626905e-07,98,95,3,HK_v2
UBA52,ENSG00000221983,DPN,-0.9328,0.35089855793735886,674,619,55,NonCandidate
VAT1,ENSG00000108828,DPN,-2.0989,0.03582773441319909,1141,1047,94,Excluded_NonTestbed
VCP,ENSG00000165280,DPN,-0.7143,0.47501935555411995,985,936,49,Candidate
XRCC5,ENSG00000079246,DPN,3.6654,0.0002469830710051209,381,370,11,Candidate
XRCC6,ENSG00000196419,DPN,1.8,0.07185374154788673,512,495,17,Candidate
YWHAQ,ENSG00000134308,DPN,-2.8946,0.003796621587216962,422,398,24,Candidate
