gene,trait,grp,z_Nerve_Tibial,z_Whole_Blood,n_snps_matched_NT,n_snps_matched_WB,p_ACAT_O,n_tissues,z_ACAT_O
ACTB,DN,30 HOTAIR Candidate,-1.5936,-2.3488,1.0,1.0,0.016200783241709753,2,-2.404360610737017
ACTB,DPN,30 HOTAIR Candidate,0.6193,1.4941,1.0,1.0,0.14150439640667148,2,1.4702118126137789
ACTB,DR,30 HOTAIR Candidate,-1.769,-4.4751,1.0,1.0,7.636812076056041e-06,2,-4.475120806243149
ANKRD40,DN,HK_v2,-0.9542,-0.0555,1.0,2.0,1.0,2,-1.8669045833583425e-59
ANKRD40,DPN,HK_v2,1.1237,2.9348,1.0,2.0,0.0033053156145741364,2,2.9378174724038573
ANKRD40,DR,HK_v2,-0.9925,-0.8469,1.0,2.0,0.25556711692434353,2,-1.1369310351525983
ANXA1,DN,44 Non-Candidate,-19.3538,1.7561,1.0,3.0,1.8935307738667478e-83,2,-19.3538
ANXA1,DPN,44 Non-Candidate,-17.414,6.5321,1.0,3.0,6.46079003582692e-68,2,-17.414
ANXA1,DR,44 Non-Candidate,-10.8981,1.2913,1.0,3.0,1.176891259544623e-27,2,-10.8981
ANXA5,DN,44 Non-Candidate,-1.7269,5.6947,3.0,4.0,1.2358901858835036e-08,2,-5.694700024654095
ANXA5,DPN,44 Non-Candidate,1.8899,-7.9752,3.0,4.0,1.5213426058607337e-15,2,7.975200000000003
ANXA5,DR,44 Non-Candidate,-0.024,-1.5379,3.0,4.0,1.0,2,-1.8669045833583425e-59
AP3M1,DN,HK_v2,-4.3657,0.8333,1.0,2.0,1.2671473948911307e-05,2,-4.365702686395855
AP3M1,DPN,HK_v2,2.591,0.6533,1.0,2.0,0.009582027556359769,2,2.59055871004328
AP3M1,DR,HK_v2,8.7521,1.0068,1.0,2.0,2.0941870152190522e-18,2,8.752099999999999
APPL1,DN,30 T2DM Control,1.3446,,1.0,,0.17875444336600851,1,1.3445999999999998
APPL1,DPN,30 T2DM Control,-10.0079,,1.0,,1.407075338180509e-23,1,-10.0079
APPL1,DR,30 T2DM Control,-7.811,,1.0,,5.673601504971217e-15,1,-7.811
ARAP1,DN,30 T2DM Control,-2.2401,,2.0,,0.02508443154583089,1,-2.2401
ARAP1,DPN,30 T2DM Control,1.0072,,2.0,,0.31383867308397606,1,1.0072
ARAP1,DR,30 T2DM Control,-2.1893,,2.0,,0.028575042366157412,1,-2.1892999999999994
ATG101,DN,HK_v2,0.8225,0.7556,1.0,1.0,0.3663102384751434,2,0.9034064114428288
ATG101,DPN,HK_v2,1.2945,1.2352,1.0,1.0,0.1147638626186549,2,1.577137619972088
ATG101,DR,HK_v2,-1.0681,-1.0225,1.0,1.0,0.18772774749453505,2,-1.3173308535486195
C1QBP,DN,44 Non-Candidate,-2.8837,-1.353,2.0,1.0,0.003853267930676763,2,-2.889930673336898
C1QBP,DPN,44 Non-Candidate,-4.4759,-1.8171,2.0,1.0,7.608186205385798e-06,2,-4.475923116071973
C1QBP,DR,44 Non-Candidate,-0.7199,0.4253,2.0,1.0,1.0,2,-1.8669045833583425e-59
CAMK1D,DN,30 T2DM Control,1.8158,2.8468,1.0,2.0,0.0041558830536501815,2,2.8660806880815715
CAMK1D,DPN,30 T2DM Control,1.9132,-2.2566,1.0,2.0,0.01684975200622786,2,2.3899699364188116
CAMK1D,DR,30 T2DM Control,3.6323,3.9862,1.0,2.0,5.418828607072338e-05,2,4.036786735420561
CCT3,DN,44 Non-Candidate,,3.1257,,1.0,0.0017738240617725628,1,3.1257
CCT3,DPN,44 Non-Candidate,,2.568,,1.0,0.010228715606399541,1,2.5679999999999996
CCT3,DR,44 Non-Candidate,,-1.2134,,1.0,0.22497692632846394,1,-1.2134
CDKAL1,DN,30 T2DM Control,-1.5653,9.1975,3.0,2.0,3.663742035387554e-20,2,-9.197499999999998
CDKAL1,DPN,30 T2DM Control,-1.5143,0.9555,3.0,2.0,0.10691594078434087,2,-1.612211421156327
CDKAL1,DR,30 T2DM Control,-2.0927,6.6261,3.0,2.0,3.446717209226418e-11,2,-6.626100000139333
CFDP1,DN,HK_v2,-0.1085,-0.1828,2.0,1.0,1.0,2,-1.8669045833583425e-59
CFDP1,DPN,HK_v2,-0.2648,0.6972,2.0,1.0,1.0,2,-1.8669045833583425e-59
CFDP1,DR,HK_v2,-1.4248,-0.7623,2.0,1.0,0.14314875674792346,2,-1.464165417345166
CKAP4,DN,30 HOTAIR Candidate,,-2.7483,,1.0,0.0059905169515121716,1,-2.7482999999999995
CKAP4,DPN,30 HOTAIR Candidate,,4.7995,,1.0,1.5906223602409106e-06,1,4.7995
CKAP4,DR,30 HOTAIR Candidate,,2.9709,,1.0,0.002969284482544132,1,2.9708999999999994
CUL1,DN,HK_v2,0.7917,-0.2758,1.0,2.0,1.0,2,1.8669045833583425e-59
CUL1,DPN,HK_v2,-1.2109,-2.963,1.0,2.0,0.0030130020298716168,2,-2.9664082930844184
CUL1,DR,HK_v2,-2.6757,-1.6527,1.0,2.0,0.006947719670163883,2,-2.699339800394397
DCTN2,DN,HK_v2,1.5525,1.5525,1.0,1.0,0.0625117226887755,2,1.8626485943709685
DCTN2,DPN,HK_v2,6.1099,6.1099,1.0,1.0,4.984679344533879e-10,2,6.219586131520382
DCTN2,DR,HK_v2,3.7145,3.7145,1.0,1.0,0.00010180294534915407,2,3.886254103663358
DDX5,DN,30 HOTAIR Candidate,1.5011,1.5011,1.0,1.0,0.06972134485582879,2,1.813716750720154
DDX5,DPN,30 HOTAIR Candidate,-1.0683,-1.0683,1.0,1.0,0.17795692132946997,2,-1.3470723839847611
DDX5,DR,30 HOTAIR Candidate,1.1656,1.1656,1.0,1.0,0.14266209074191802,2,1.4659493326285982
DHX9,DN,44 Non-Candidate,3.9565,,1.0,,7.605588830872445e-05,1,3.9565
DHX9,DPN,44 Non-Candidate,7.9564,,1.0,,1.7711715962592532e-15,1,7.9564
DHX9,DR,44 Non-Candidate,2.0696,,1.0,,0.03848981807419504,1,2.0695999999999994
DNAJC4,DN,HK_v2,-0.2404,-2.0976,2.0,2.0,0.04305906015521045,2,-2.0231366567375204
DNAJC4,DPN,HK_v2,9.1307,5.0165,2.0,2.0,6.805779529968626e-20,2,9.130700000000015
DNAJC4,DR,HK_v2,8.3521,1.7116,2.0,2.0,6.705984799209445e-17,2,8.3521
DUSP8,DN,30 T2DM Control,-1.1506,,1.0,,0.24989683300466567,1,-1.1505999999999998
DUSP8,DPN,30 T2DM Control,1.4254,,1.0,,0.15404160807171224,1,1.4253999999999998
DUSP8,DR,30 T2DM Control,-2.0892,,1.0,,0.036689723442869054,1,-2.0892
E2F4,DN,HK_v2,3.7,3.2694,2.0,2.0,0.00017965969832111505,2,3.746023598178274
E2F4,DPN,HK_v2,4.5515,3.9353,2.0,2.0,5.005606610242724e-06,2,4.564552611881259
E2F4,DR,HK_v2,0.2864,-1.1349,2.0,2.0,1.0,2,1.8669045833583425e-59
EEF2,DN,44 Non-Candidate,,-0.1918,,2.0,0.8478988709638905,1,-0.19179999999999992
EEF2,DPN,44 Non-Candidate,,3.274,,2.0,0.0010603661131208379,1,3.274
EEF2,DR,44 Non-Candidate,,1.0465,,2.0,0.2953302449266372,1,1.0465
EHD4,DN,44 Non-Candidate,-1.339,1.5661,3.0,3.0,0.07511661872725652,2,-1.7797516183046769
EHD4,DPN,44 Non-Candidate,-1.5296,-9.0387,3.0,3.0,1.585460251571341e-19,2,-9.038699999999999
EHD4,DR,44 Non-Candidate,3.2676,12.2496,3.0,3.0,1.6882654943529512e-34,2,12.249599999999997
EIF4A1,DN,30 HOTAIR Candidate,0.0106,,1.0,,0.9915425820350333,1,0.010599999999999912
EIF4A1,DPN,30 HOTAIR Candidate,0.4719,,1.0,,0.636998168069275,1,0.4719
EIF4A1,DR,30 HOTAIR Candidate,4.5645,,1.0,,5.0068620120713804e-06,1,4.564499999999999
EIF4H,DN,30 HOTAIR Candidate,,0.0315,,2.0,0.9748707921461663,1,0.03149999999999989
EIF4H,DPN,30 HOTAIR Candidate,,-0.8204,,2.0,0.41198811548359615,1,-0.8203999999999998
EIF4H,DR,30 HOTAIR Candidate,,-1.4912,,2.0,0.13590899368800125,1,-1.4912
FIBP,DN,HK_v2,3.048,3.048,1.0,1.0,0.0011518647201669721,2,3.2505389915106893
FIBP,DPN,HK_v2,-1.2972,-1.2972,1.0,1.0,0.1072746462794467,2,-1.6105646388134573
FIBP,DR,HK_v2,-1.672,-1.672,1.0,1.0,0.04832743865195324,2,-1.9744778057311296
FTO,DN,30 T2DM Control,4.7555,19.6962,1.0,2.0,2.3242383383823565e-86,2,19.696199999999997
FTO,DPN,30 T2DM Control,-12.8992,-2.0606,1.0,2.0,4.547939619704517e-38,2,-12.8992
FTO,DR,30 T2DM Control,-0.0621,9.3398,1.0,2.0,9.651625839688518e-21,2,-9.3398
GAPDH,DN,30 HOTAIR Candidate,-2.7346,,2.0,,0.0062456121138519975,1,-2.7345999999999995
GAPDH,DPN,30 HOTAIR Candidate,2.6374,,2.0,,0.008354425376083118,1,2.6373999999999995
GAPDH,DR,30 HOTAIR Candidate,-0.0695,,2.0,,0.9445916326550257,1,-0.0694999999999999
GCK,DN,30 T2DM Control,-2.9019,,3.0,,0.003709069193890005,1,-2.9018999999999995
GCK,DPN,30 T2DM Control,-0.0864,,3.0,,0.9311484469318307,1,-0.08639999999999995
GCK,DR,30 T2DM Control,2.3971,,3.0,,0.016525413003582193,1,2.3971
GCKR,DN,30 T2DM Control,9.5787,9.5787,1.0,1.0,4.913703406868046e-22,2,9.65003900991923
GCKR,DPN,30 T2DM Control,-3.9335,-3.9335,1.0,1.0,4.185892020649532e-05,2,-4.096972170594762
GCKR,DR,30 T2DM Control,7.2518,7.2518,1.0,1.0,2.056344408160481e-13,2,7.3450810572871585
GNA13,DN,44 Non-Candidate,,-6.4415,,1.0,1.1829844925160717e-10,1,-6.4415
GNA13,DPN,44 Non-Candidate,,3.9429,,1.0,8.050222787722865e-05,1,3.942899999999999
GNA13,DR,44 Non-Candidate,,-6.9307,,1.0,4.187632660446648e-12,1,-6.9307
GOLGA3,DN,HK_v2,-7.9371,2.3852,3.0,2.0,2.0696318467157174e-15,2,-7.937100000000013
GOLGA3,DPN,HK_v2,2.8409,1.1274,3.0,2.0,0.0044395665974642255,2,2.845113031870505
GOLGA3,DR,HK_v2,-15.5428,-3.3877,3.0,2.0,1.7803194041577192e-54,2,-15.5428
GRB14,DN,30 T2DM Control,-0.9399,7.0874,1.0,1.0,1.3665497912291703e-12,2,-7.087400000000308
GRB14,DPN,30 T2DM Control,1.5633,-6.2231,1.0,1.0,4.874264792188956e-10,2,6.223100000617968
GRB14,DR,30 T2DM Control,-0.618,3.2408,1.0,1.0,0.001192463139543691,2,-3.240676766313035
H2AFV,DN,30 HOTAIR Candidate,-6.3427,-3.219,2.0,2.0,2.257727797656835e-10,2,-6.342700027028965
H2AFV,DPN,30 HOTAIR Candidate,3.3723,0.0976,2.0,2.0,0.0007525026200258482,2,3.3696992623347732
H2AFV,DR,30 HOTAIR Candidate,1.4177,1.8663,2.0,2.0,0.04555596077490255,2,1.999484467717462
HHEX,DN,30 T2DM Control,1.1674,1.1705,1.0,1.0,0.14160700632547807,2,1.4698329366651182
HHEX,DPN,30 T2DM Control,2.8637,2.8636,1.0,1.0,0.002094042960229525,2,3.076559797919283
HHEX,DR,30 T2DM Control,2.0459,2.0459,1.0,1.0,0.020467030556967927,2,2.317674267345459
HNRNPA3,DN,30 HOTAIR Candidate,10.8347,,1.0,,2.3573682017515116e-27,1,10.834699999999998
HNRNPA3,DPN,30 HOTAIR Candidate,2.9942,,1.0,,0.0027516550804027244,1,2.9942
HNRNPA3,DR,30 HOTAIR Candidate,3.3783,,1.0,,0.0007293546485795362,1,3.3782999999999994
HSP90AB1,DN,30 HOTAIR Candidate,24.8976,1.7638,3.0,2.0,7.899072605206586e-137,2,24.897599999999997
HSP90AB1,DPN,30 HOTAIR Candidate,10.9345,-1.7674,3.0,2.0,7.883937752021312e-28,2,10.9345
HSP90AB1,DR,30 HOTAIR Candidate,3.8845,-1.3859,3.0,2.0,0.00010248314014163499,2,3.884636410925782
HSP90B1,DN,30 HOTAIR Candidate,,6.8908,,1.0,5.547949333450333e-12,1,6.890799999999999
HSP90B1,DPN,30 HOTAIR Candidate,,4.5238,,1.0,6.073912327940985e-06,1,4.5238
HSP90B1,DR,30 HOTAIR Candidate,,-0.0995,,1.0,0.9207412879008579,1,-0.0994999999999999
HSPB1,DN,44 Non-Candidate,,3.7658,,2.0,0.000166016649035787,1,3.7657999999999996
HSPB1,DPN,44 Non-Candidate,,2.113,,2.0,0.03460076788107839,1,2.1129999999999995
HSPB1,DR,44 Non-Candidate,,4.4436,,2.0,8.84660093881585e-06,1,4.4436
HSPD1,DN,44 Non-Candidate,,-1.6072,,1.0,0.10801050205165373,1,-1.6071999999999997
HSPD1,DPN,44 Non-Candidate,,-0.9007,,1.0,0.36774784869302574,1,-0.9006999999999998
HSPD1,DR,44 Non-Candidate,,-0.008,,1.0,0.9936169915990727,1,-0.007999999999999879
JAZF1,DN,30 T2DM Control,2.0074,-1.4627,2.0,2.0,0.03469544488359062,2,2.1118951336429204
JAZF1,DPN,30 T2DM Control,0.2166,-0.8571,2.0,2.0,1.0,2,1.8669045833583425e-59
JAZF1,DR,30 T2DM Control,0.0652,-2.429,2.0,2.0,0.02127516035581886,2,2.303065459245544
KCNJ11,DN,30 T2DM Control,0.351,0.2828,2.0,1.0,1.0,2,1.8669045833583425e-59
KCNJ11,DPN,30 T2DM Control,-0.0405,0.7245,2.0,1.0,1.0,2,-1.8669045833583425e-59
KCNJ11,DR,30 T2DM Control,0.1812,1.6434,2.0,1.0,0.2489249054069996,2,1.1529646228972328
KDM4B,DN,HK_v2,-8.8877,,1.0,,6.238685550146981e-19,1,-8.887699999999999
KDM4B,DPN,HK_v2,-13.5322,,1.0,,1.0095641893716025e-41,1,-13.5322
KDM4B,DR,HK_v2,-8.5334,,1.0,,1.4210829135041334e-17,1,-8.5334
KLF14,DN,30 T2DM Control,,0.5242,,1.0,0.6001394409052488,1,0.5242
KLF14,DPN,30 T2DM Control,,-0.5335,,1.0,0.5936875110370832,1,-0.5334999999999999
KLF14,DR,30 T2DM Control,,1.4375,,1.0,0.15057597282484683,1,1.4375
LSM12,DN,HK_v2,-2.7264,-9.0465,2.0,1.0,1.476242183585955e-19,2,-9.046499999999998
LSM12,DPN,HK_v2,-4.8388,-16.3283,2.0,1.0,6.209049162168203e-60,2,-16.3283
LSM12,DR,HK_v2,-6.6477,-9.6478,2.0,1.0,5.022155646890707e-22,2,-9.64780000000173
MAPK1IP1L,DN,HK_v2,1.5295,2.2621,1.0,1.0,0.02011820522978169,2,2.3241360167253413
MAPK1IP1L,DPN,HK_v2,-1.5689,-2.1941,1.0,1.0,0.02294004281177715,2,-2.2744317080128944
MAPK1IP1L,DR,HK_v2,0.5306,0.2493,1.0,1.0,1.0,2,1.8669045833583425e-59
MCMBP,DN,HK_v2,3.1773,3.8403,1.0,2.0,0.00011350152283280916,2,3.85975336356364
MCMBP,DPN,HK_v2,-5.2549,-3.1381,1.0,2.0,1.4809202348993614e-07,2,-5.25491602893193
MCMBP,DR,HK_v2,3.1839,-3.2204,1.0,2.0,0.000680560271613038,2,3.397293112926649
MFAP1,DN,44 Non-Candidate,,3.2953,,1.0,0.0009831665943134873,1,3.2952999999999992
MFAP1,DPN,44 Non-Candidate,,-1.1947,,1.0,0.2322042624659385,1,-1.1947
MFAP1,DR,44 Non-Candidate,,3.4332,,1.0,0.0005965019136714304,1,3.4331999999999994
MYH9,DN,44 Non-Candidate,-0.2435,,2.0,,0.8076180851085512,1,-0.24349999999999994
MYH9,DPN,44 Non-Candidate,-0.5727,,2.0,,0.5668478374644073,1,-0.5726999999999998
MYH9,DR,44 Non-Candidate,1.2981,,2.0,,0.19425297432383354,1,1.2980999999999998
PAM,DN,30 T2DM Control,,-0.5945,,1.0,0.5521777422910252,1,-0.5944999999999998
PAM,DPN,30 T2DM Control,,-1.4359,,1.0,0.1510307985045856,1,-1.4358999999999997
PAM,DR,30 T2DM Control,,0.206,,1.0,0.8367909113052145,1,0.20599999999999996
PCBP2,DN,44 Non-Candidate,,-0.9323,,1.0,0.35118150773082596,1,-0.9322999999999999
PCBP2,DPN,44 Non-Candidate,,0.5974,,1.0,0.5502403537427233,1,0.5973999999999999
PCBP2,DR,44 Non-Candidate,,0.5645,,1.0,0.5724139001526789,1,0.5645
PDIA3,DN,44 Non-Candidate,7.8624,1.3674,1.0,2.0,3.768423882875611e-15,2,7.862400000000003
PDIA3,DPN,44 Non-Candidate,9.9541,1.0609,1.0,2.0,2.420025850270751e-23,2,9.9541
PDIA3,DR,44 Non-Candidate,13.5157,1.6521,1.0,2.0,1.263481472603541e-41,2,13.515699999999999
PDIA6,DN,44 Non-Candidate,,0.7765,,1.0,0.43745382081056555,1,0.7765
PDIA6,DPN,44 Non-Candidate,,0.1549,,1.0,0.8769001536473681,1,0.15489999999999987
PDIA6,DR,44 Non-Candidate,,0.1573,,1.0,0.8750084202588184,1,0.15729999999999988
PNN,DN,44 Non-Candidate,-5.1614,6.7058,1.0,2.0,2.0028954598432036e-11,2,-6.7058119314245985
PNN,DPN,44 Non-Candidate,-11.7588,-8.8228,1.0,2.0,6.363223396045853e-32,2,-11.758800000000004
PNN,DR,44 Non-Candidate,-9.5202,-15.6446,1.0,2.0,3.616343906916188e-55,2,-15.6446
PPARG,DN,30 T2DM Control,-2.1678,0.2355,1.0,1.0,0.03519447641106822,2,-2.106113707614564
PPARG,DPN,30 T2DM Control,-1.1876,-6.3268,1.0,1.0,2.5029742538675156e-10,2,-6.326800000133412
PPARG,DR,30 T2DM Control,-1.0519,-5.3308,1.0,1.0,9.77810357217288e-08,2,-5.3308000424821085
PROX1,DN,30 T2DM Control,-1.6477,,1.0,,0.09941424805398584,1,-1.6477
PROX1,DPN,30 T2DM Control,-1.8998,,1.0,,0.057459370945172096,1,-1.8998
PROX1,DR,30 T2DM Control,-1.738,,1.0,,0.08221081377542266,1,-1.738
PSMC1,DN,HK_v2,-1.5406,-1.0419,2.0,1.0,0.09676756854986872,2,-1.6607305815134197
PSMC1,DPN,HK_v2,0.9275,-1.2607,2.0,1.0,0.16095609807053227,2,1.4018632112242027
PSMC1,DR,HK_v2,1.3458,-1.7341,2.0,1.0,0.058859066966256,2,1.8892445559688023
PUF60,DN,44 Non-Candidate,0.8636,0.8636,1.0,1.0,0.2981121222613512,2,1.0404903991339527
PUF60,DPN,44 Non-Candidate,1.3391,1.3391,1.0,1.0,0.09814723264587703,2,1.6539029526115532
PUF60,DR,44 Non-Candidate,1.5585,1.5585,1.0,1.0,0.06171726219767253,2,1.8683215672532323
RABGGTB,DN,HK_v2,2.7582,1.5126,2.0,1.0,0.005577519044330641,2,2.771637034231679
RABGGTB,DPN,HK_v2,-4.1846,2.2976,2.0,1.0,2.8529167227637832e-05,2,-4.184899994437272
RABGGTB,DR,HK_v2,-0.5482,-2.7456,2.0,1.0,0.006070985230011808,2,-2.7439225886988083
RBX1,DN,HK_v2,5.7065,5.7065,1.0,1.0,5.766145342972848e-09,2,5.823402517511862
RBX1,DPN,HK_v2,-2.2592,-2.2592,1.0,1.0,0.011952278068753189,2,-2.5135501571703722
RBX1,DR,HK_v2,0.1935,0.1935,1.0,1.0,1.0,2,1.8669045833583425e-59
RNF181,DN,HK_v2,,0.6201,,1.0,0.5351919521868203,1,0.6200999999999997
RNF181,DPN,HK_v2,,-0.8807,,1.0,0.3784802167964272,1,-0.8807
RNF181,DR,HK_v2,,-0.5215,,1.0,0.6020185055777294,1,-0.5214999999999999
RNH1,DN,30 HOTAIR Candidate,7.0023,7.028,4.0,3.0,1.1435853966492391e-12,2,7.1120177618169755
RNH1,DPN,30 HOTAIR Candidate,8.5736,6.358,4.0,3.0,1.0029935651692018e-17,2,8.573600005648586
RNH1,DR,30 HOTAIR Candidate,13.8246,12.4974,4.0,3.0,1.8111641975133314e-43,2,13.824600001689749
RNPS1,DN,HK_v2,-0.3865,-0.6946,2.0,1.0,1.0,2,-1.8669045833583425e-59
RNPS1,DPN,HK_v2,-0.6757,-0.4686,2.0,1.0,1.0,2,-1.8669045833583425e-59
RNPS1,DR,HK_v2,-0.349,0.3728,2.0,1.0,1.0,2,-1.8669045833583425e-59
RPL10A,DN,44 Non-Candidate,-0.7365,-45.0479,5.0,2.0,9.999999999999999e-301,2,-37.065787880772135
RPL10A,DPN,44 Non-Candidate,-2.6557,-52.7198,5.0,2.0,9.999999999999999e-301,2,-37.065787880772135
RPL10A,DR,44 Non-Candidate,-5.4849,-107.3873,5.0,2.0,9.999999999999999e-301,2,-37.065787880772135
RPL13A,DN,30 HOTAIR Candidate,-1.9555,,1.0,,0.05052408336405547,1,-1.9554999999999998
RPL13A,DPN,30 HOTAIR Candidate,0.8092,,1.0,,0.4184001149335449,1,0.8091999999999999
RPL13A,DR,30 HOTAIR Candidate,-0.8005,,1.0,,0.42342116355668497,1,-0.8005
RPL14,DN,44 Non-Candidate,-0.9844,-0.4695,1.0,2.0,0.45337947873113355,2,-0.7497928449399125
RPL14,DPN,44 Non-Candidate,-2.0941,-1.3889,1.0,2.0,0.030230801499053297,2,-2.167053152098098
RPL14,DR,44 Non-Candidate,-2.4388,0.8148,1.0,2.0,0.014552372421883498,2,-2.4433312751682497
RPL23A,DN,30 HOTAIR Candidate,2.1999,,1.0,,0.02781399072605293,1,2.1998999999999995
RPL23A,DPN,30 HOTAIR Candidate,7.6632,,1.0,,1.813565904735454e-14,1,7.6632
RPL23A,DR,30 HOTAIR Candidate,4.7399,,1.0,,2.1382372211148762e-06,1,4.739899999999999
RPL27A,DN,44 Non-Candidate,-0.669,0.8632,2.0,2.0,0.3911190072340496,2,-0.8575898037365035
RPL27A,DPN,44 Non-Candidate,-2.3643,-0.9429,2.0,2.0,0.017540596535176676,2,-2.375175741095968
RPL27A,DR,44 Non-Candidate,2.4653,0.4733,2.0,2.0,0.013963105664747205,2,2.458211135143377
RPL5,DN,30 HOTAIR Candidate,,-2.0563,,1.0,0.03975360830751494,1,-2.0562999999999994
RPL5,DPN,30 HOTAIR Candidate,,0.5513,,1.0,0.581428038495011,1,0.5512999999999999
RPL5,DR,30 HOTAIR Candidate,,1.1868,,1.0,0.23530651884905576,1,1.1867999999999999
RPL7,DN,44 Non-Candidate,0.6122,,1.0,,0.5404054415885092,1,0.6121999999999999
RPL7,DPN,44 Non-Candidate,-1.0026,,1.0,,0.3160538958156704,1,-1.0025999999999997
RPL7,DR,44 Non-Candidate,2.1763,,1.0,,0.029532835551114762,1,2.1762999999999995
RPL8,DN,30 HOTAIR Candidate,0.6471,0.6471,1.0,1.0,1.0,2,1.8669045833583425e-59
RPL8,DPN,30 HOTAIR Candidate,-2.1896,-2.1896,1.0,1.0,0.014305406867410966,2,-2.4495016139673416
RPL8,DR,30 HOTAIR Candidate,-1.0977,-1.0977,1.0,1.0,0.16624798194079893,2,-1.3843608774440992
RPLP0,DN,30 HOTAIR Candidate,5.2648,4.3313,2.0,2.0,1.390257911229085e-07,2,5.266530984551718
RPLP0,DPN,30 HOTAIR Candidate,1.0583,2.1893,2.0,2.0,0.02671824327066315,2,2.215609710163964
RPLP0,DR,30 HOTAIR Candidate,1.9268,4.6646,2.0,2.0,3.0920039931547523e-06,2,4.664611661314758
RPN1,DN,44 Non-Candidate,0.3423,1.471,1.0,1.0,0.21992523247052395,2,1.2267269564818228
RPN1,DPN,44 Non-Candidate,2.9578,2.7169,1.0,1.0,0.002107605188351363,2,3.0746347081814953
RPN1,DR,44 Non-Candidate,-0.3721,-2.7063,1.0,1.0,0.006918306870163633,2,-2.700751209215295
RPS14,DN,30 HOTAIR Candidate,21.5281,6.5269,1.0,2.0,8.494536494568854e-103,2,21.528099999999995
RPS14,DPN,30 HOTAIR Candidate,-1.3772,0.4945,1.0,2.0,0.20748348384299917,2,-1.2605154337591484
RPS14,DR,30 HOTAIR Candidate,-1.4853,0.166,1.0,2.0,1.0,2,-1.8669045833583425e-59
RPS16,DN,30 HOTAIR Candidate,-0.2563,-1.355,2.0,1.0,0.4156983276360687,2,-0.8139068300526502
RPS16,DPN,30 HOTAIR Candidate,2.0639,2.1793,2.0,1.0,0.016786367798590524,2,2.3913538044872054
RPS16,DR,30 HOTAIR Candidate,-0.0796,-1.0943,2.0,1.0,1.0,2,-1.8669045833583425e-59
RPS18,DN,30 HOTAIR Candidate,9.3828,9.6069,2.0,2.0,6.697193843895446e-22,2,9.618232643801047
RPS18,DPN,30 HOTAIR Candidate,9.9256,9.9744,2.0,2.0,1.2235814992564905e-23,2,10.021717303881339
RPS18,DR,30 HOTAIR Candidate,6.8153,6.9782,2.0,2.0,2.2687522161012843e-12,2,7.016881280754909
RPS25,DN,30 HOTAIR Candidate,0.1561,-2.0838,1.0,2.0,0.05182291683247177,2,1.9446018471145323
RPS25,DPN,30 HOTAIR Candidate,2.2843,-2.0214,1.0,2.0,0.014772111147265432,2,2.4379183266311006
RPS25,DR,30 HOTAIR Candidate,3.7949,5.7733,1.0,2.0,7.772976975772128e-09,2,5.77330886364871
RPS3,DN,30 HOTAIR Candidate,-2.3509,,1.0,,0.018728066249005575,1,-2.3509
RPS3,DPN,30 HOTAIR Candidate,-0.5073,,1.0,,0.6119443385869461,1,-0.5072999999999999
RPS3,DR,30 HOTAIR Candidate,-0.4169,,1.0,,0.6767515535492798,1,-0.41689999999999994
RPS3A,DN,44 Non-Candidate,2.8864,,1.0,,0.003896765577182228,1,2.886399999999999
RPS3A,DPN,44 Non-Candidate,-6.2233,,1.0,,4.868052626881148e-10,1,-6.2233
RPS3A,DR,44 Non-Candidate,-1.6612,,1.0,,0.09667328558915177,1,-1.6611999999999996
RPS8,DN,44 Non-Candidate,6.8474,6.8474,1.0,1.0,3.760211271209667e-12,2,6.945912748251505
RPS8,DPN,44 Non-Candidate,2.7498,2.7498,1.0,1.0,0.0029818440722254283,2,2.969603436047551
RPS8,DR,44 Non-Candidate,8.5157,8.5157,1.0,1.0,8.279349734498286e-18,2,8.595651799921281
RRBP1,DN,44 Non-Candidate,-1.5437,1.3665,3.0,2.0,0.07553274728067577,2,-1.7772157607992778
RRBP1,DPN,44 Non-Candidate,0.9096,-0.3309,3.0,2.0,1.0,2,1.8669045833583425e-59
RRBP1,DR,44 Non-Candidate,1.9256,1.0946,3.0,2.0,0.047284443146679976,2,1.9837434858015244
RREB1,DN,30 T2DM Control,0.7457,,1.0,,0.455848659186304,1,0.7456999999999998
RREB1,DPN,30 T2DM Control,1.9316,,1.0,,0.05340889585939939,1,1.9316
RREB1,DR,30 T2DM Control,3.8128,,1.0,,0.00013740129564142456,1,3.8127999999999993
SDF4,DN,HK_v2,,2.4273,,2.0,0.01521167139635223,1,2.4273
SDF4,DPN,HK_v2,,9.7001,,2.0,3.0120327793472426e-22,1,9.700099999999999
SDF4,DR,HK_v2,,0.0831,,2.0,0.9337720258477462,1,0.08309999999999987
SDHAF2,DN,HK_v2,-1.3822,,1.0,,0.1669103001250395,1,-1.3822
SDHAF2,DPN,HK_v2,-2.4469,,1.0,,0.014409081114935987,1,-2.4468999999999994
SDHAF2,DR,HK_v2,8.2011,,1.0,,2.381972786018749e-16,1,8.2011
SEC13,DN,HK_v2,0.2085,,1.0,,0.8348385826373494,1,0.20849999999999996
SEC13,DPN,HK_v2,2.6659,,1.0,,0.007678252853033408,1,2.6658999999999997
SEC13,DR,HK_v2,-0.1451,,1.0,,0.8846319182893547,1,-0.1450999999999999
SF3B4,DN,HK_v2,0.4852,0.4797,1.0,1.0,1.0,2,1.8669045833583425e-59
SF3B4,DPN,HK_v2,-9.0237,-9.0211,1.0,1.0,9.199991432845845e-20,2,-9.09801249610037
SF3B4,DR,HK_v2,2.4267,2.4355,1.0,1.0,0.007530118726295638,2,2.6724429059197545
SLC16A11,DN,30 T2DM Control,-5.4875,,1.0,,4.076620169657015e-08,1,-5.487499999999999
SLC16A11,DPN,30 T2DM Control,11.8045,,1.0,,3.699836856629687e-32,1,11.8045
SLC16A11,DR,30 T2DM Control,-5.0709,,1.0,,3.9593879011513014e-07,1,-5.0709
SRM,DN,HK_v2,-0.0847,-1.6787,2.0,2.0,1.0,2,-1.8669045833583425e-59
SRM,DPN,HK_v2,3.0595,0.4707,2.0,2.0,0.0022242306494665823,2,3.0585336943045567
SRM,DR,HK_v2,0.6266,-10.1163,2.0,2.0,4.67765346040303e-24,2,10.116299999999999
ST6GAL1,DN,30 T2DM Control,,-2.8081,,1.0,0.004983474924353315,1,-2.8080999999999996
ST6GAL1,DPN,30 T2DM Control,,-2.4228,,1.0,0.015401403233177385,1,-2.4227999999999996
ST6GAL1,DR,30 T2DM Control,,-0.8062,,1.0,0.42012753872484604,1,-0.8062
STX4,DN,HK_v2,-1.4484,-1.8846,1.0,1.0,0.04339313074354603,2,-2.0199060777846
STX4,DPN,HK_v2,-0.326,-0.6619,1.0,1.0,1.0,2,-1.8669045833583425e-59
STX4,DR,HK_v2,-1.8078,-2.1158,1.0,1.0,0.023261714631589832,2,-2.2691087298180266
TOMM20,DN,HK_v2,0.3551,6.333,2.0,3.0,2.4043956341690356e-10,2,6.332999999902064
TOMM20,DPN,HK_v2,1.1831,6.715,2.0,3.0,1.880662201010669e-11,2,6.715000000009363
TOMM20,DR,HK_v2,1.5243,3.4235,2.0,3.0,0.0006153784398409876,2,3.4247442382742417
TRIP12,DN,HK_v2,,1.2159,,1.0,0.22402301809950925,1,1.2159
TRIP12,DPN,HK_v2,,0.9717,,1.0,0.3311998167922704,1,0.9717
TRIP12,DR,HK_v2,,-0.342,,1.0,0.7323508922586834,1,-0.34199999999999986
TUBB,DN,30 HOTAIR Candidate,3.0983,3.0983,1.0,1.0,0.0009731805588339655,2,3.2981675187181017
TUBB,DPN,30 HOTAIR Candidate,1.1674,1.1674,1.0,1.0,0.14209431716178425,2,1.468036468359458
TUBB,DR,30 HOTAIR Candidate,2.764,2.764,1.0,1.0,0.002855106631183197,2,2.9829220894499997
U2AF2,DN,HK_v2,1.9351,1.9351,1.0,1.0,0.02667373086588587,2,2.216259560671105
U2AF2,DPN,HK_v2,-1.0535,-1.0535,1.0,1.0,0.1842486002583184,2,-1.327786644459891
U2AF2,DR,HK_v2,3.3648,3.3648,1.0,1.0,0.0003829963600232825,2,3.5515313523061813
UBA52,DN,44 Non-Candidate,0.869,0.4208,2.0,2.0,1.0,2,1.8669045833583425e-59
UBA52,DPN,44 Non-Candidate,-1.9494,-2.6012,2.0,2.0,0.007874998096771727,2,-2.657382739206704
UBA52,DR,44 Non-Candidate,0.2743,0.195,2.0,2.0,1.0,2,1.8669045833583425e-59
VCP,DN,30 HOTAIR Candidate,1.7424,1.8678,2.0,2.0,0.035577918739374936,2,2.101718765727864
VCP,DPN,30 HOTAIR Candidate,-2.6803,-3.2684,2.0,2.0,0.0009429475897022617,2,-3.3070182190410815
VCP,DR,30 HOTAIR Candidate,1.27,2.4294,2.0,2.0,0.014219254011483759,2,2.451676228082297
XRCC5,DN,30 HOTAIR Candidate,6.1166,9.3545,2.0,3.0,8.399605183260302e-21,2,9.354500000000929
XRCC5,DPN,30 HOTAIR Candidate,1.8105,5.3291,2.0,3.0,9.870050719716295e-08,2,5.329100251109576
XRCC5,DR,30 HOTAIR Candidate,1.1497,0.4657,2.0,3.0,0.3467993352245739,2,0.940815658241853
XRCC6,DN,30 HOTAIR Candidate,-2.4196,-8.3745,2.0,2.0,5.545882236759294e-17,2,-8.374500000000001
XRCC6,DPN,30 HOTAIR Candidate,-0.0151,-8.2889,2.0,2.0,1.143005892388408e-16,2,-8.288899999999998
XRCC6,DR,30 HOTAIR Candidate,0.4233,-9.2325,2.0,2.0,2.6438772172789713e-20,2,9.232499999999998
YWHAQ,DN,30 HOTAIR Candidate,,0.2723,,1.0,0.7853913562212508,1,0.2723
YWHAQ,DPN,30 HOTAIR Candidate,,1.1234,,1.0,0.26126764982145456,1,1.1233999999999997
YWHAQ,DR,30 HOTAIR Candidate,,3.6939,,1.0,0.00022084067851798906,1,3.6939
