gene,trait,p_acat,n_tissues,in_both,z_wb
AAMP,DN,0.05752092897816256,2,True,-1.5914
AAMP,DPN,0.03353286934969828,2,True,-1.8361
AAMP,DR,1.0,2,True,-0.6511
ABCD2,DN,2.3921135947573404e-33,2,True,-12.0327
ABCD2,DPN,2.0870934578679766e-35,2,True,-12.418
ABCD2,DR,1.8473732894702812e-07,2,True,5.2141
ABHD17C,DN,4.801517245610986e-05,2,True,-3.1863
ABHD17C,DPN,3.2387703485603175e-08,2,True,-5.528
ABHD17C,DR,0.00911426402093924,2,True,-2.5
ABLIM2,DN,0.0022593607760574546,1,True,
ABLIM2,DPN,0.8716945595854702,1,True,
ABLIM2,DR,0.8231871770374789,1,True,
AC025335.1,DN,8.007072699000414e-05,1,True,
AC025335.1,DPN,0.005710969850654246,1,True,
AC025335.1,DR,0.033578143112146956,1,True,
AC093627.7,DN,0.009152559701802798,1,False,-2.6063
AC093627.7,DPN,6.318713228757404e-06,1,False,-4.5154
AC093627.7,DR,0.042788832934335726,1,False,2.0258
AC138969.4,DN,0.014118878952303116,2,True,-2.358
AC138969.4,DPN,1.0,2,True,0.5838
AC138969.4,DR,1.0,2,True,0.1067
ACAT1,DN,1.4504487153354357e-138,2,True,-25.0574
ACAT1,DPN,4.935200277126246e-07,2,True,5.0288
ACAT1,DR,7.567188996703585e-08,2,True,-5.3772
ACD,DN,0.7090048886136708,1,True,
ACD,DPN,0.6798986161414378,1,True,
ACD,DR,0.2328835708128464,1,True,
ACP2,DN,0.006435909640981995,2,True,2.7135
ACP2,DPN,0.07456350399643485,2,True,-1.0273
ACP2,DR,0.027470379235801458,2,True,1.2727
ACSL5,DN,4.887565604361084e-09,2,True,-3.6315
ACSL5,DPN,0.0002825527948634056,2,True,-1.8666
ACSL5,DR,0.013583141397325714,2,True,0.2291
ACTN4,DN,0.025808006400509207,1,False,-2.2291
ACTN4,DPN,0.46064029469210477,1,False,-0.7378
ACTN4,DR,0.005172579829306181,1,False,-2.7961
ACTR3C,DN,0.004357541987804369,1,False,2.851
ACTR3C,DPN,0.00906072776058697,1,False,-2.6098
ACTR3C,DR,9.152065010295886e-07,1,False,-4.909
ADAM17,DN,1.0,2,True,-0.6471
ADAM17,DPN,1.0,2,True,0.4928
ADAM17,DR,1.0,2,True,-0.2552
ADAM9,DN,0.011997686598784377,2,True,2.4969
ADAM9,DPN,0.0010967592420800631,2,True,-1.5299
ADAM9,DR,0.21476355972516506,2,True,0.4069
ADAMTSL4,DN,6.317490330292057e-05,1,False,4.0006
ADAMTSL4,DPN,1.846936206140678e-17,1,False,8.503
ADAMTSL4,DR,7.541253288315628e-38,1,False,-12.8602
ADAP1,DN,0.02074185563459749,2,True,-0.9311
ADAP1,DPN,0.11047630459076917,2,True,1.6002
ADAP1,DR,1.0,2,True,0.2237
ADGRE2,DN,0.5000995228525543,1,True,
ADGRE2,DPN,0.008110934407134207,1,True,
ADGRE2,DR,0.2391411940884956,1,True,
AHCYL1,DN,4.440289077193077e-05,2,True,-3.9193
AHCYL1,DPN,0.0005548847257673391,2,True,-3.2611
AHCYL1,DR,0.28563323891981035,2,True,-0.8794
AHSG,DN,0.1601766096140006,1,False,-1.4045
AHSG,DPN,0.45101810998350733,1,False,0.7537
AHSG,DR,0.8338904494361731,1,False,0.2097
AIM1L,DN,1.0,2,True,-0.2817
AIM1L,DPN,0.0016139648277898727,2,True,3.155
AIM1L,DR,4.3808847286276663e-07,2,True,5.0516
AIMP1,DN,1.7217638340861918e-12,2,True,2.0404
AIMP1,DPN,4.794064439043576e-46,2,True,14.2453
AIMP1,DR,5.122968915173396e-80,2,True,-0.7833
AKAP10,DN,0.0738806571662884,2,True,0.5824
AKAP10,DPN,0.00015062477149325987,2,True,-2.7045
AKAP10,DR,7.073558444077598e-08,2,True,-4.6889
AL022344.7,DN,2.772753648719297e-06,1,True,
AL022344.7,DPN,0.00011625873857764202,1,True,
AL022344.7,DR,0.6271709307382712,1,True,
AL928768.3,DN,2.4579707494347978e-06,1,False,-4.7116
AL928768.3,DPN,2.1207605809885265e-09,1,False,-5.9883
AL928768.3,DR,0.867632705066913,1,False,0.1667
ALDH4A1,DN,0.0051830694449803314,2,True,1.9412
ALDH4A1,DPN,1.0,2,True,0.7017
ALDH4A1,DR,0.0070342854837392174,2,True,-2.6879
ALKBH3,DN,0.010449132573929907,2,True,-2.5621
ALKBH3,DPN,0.000635137039075104,2,True,3.4157
ALKBH3,DR,0.21506101110668235,2,True,1.292
ALMS1,DN,6.578699663355843e-124,2,True,2.4442
ALMS1,DPN,1.6097032903995565e-110,2,True,0.1539
ALMS1,DR,5.2001761049180775e-166,2,True,0.632
ANKRD23,DN,3.396380149417336e-30,2,True,-3.5011
ANKRD23,DPN,3.42765259223162e-45,2,True,-10.7326
ANKRD23,DR,5.509796942123932e-09,2,True,0.9795
ANKRD49,DN,1.1285318919236003e-34,2,True,-12.226
ANKRD49,DPN,3.9186419906699544e-45,2,True,-14.0488
ANKRD49,DR,2.4685461813420293e-60,2,True,-16.3423
AOC1,DN,3.753960518324293e-16,1,True,
AOC1,DPN,0.8562417650159362,1,True,
AOC1,DR,0.2184483429381613,1,True,
AP2A2,DN,0.0817077381233101,2,True,1.9117
AP2A2,DPN,0.0019774909352726303,2,True,0.0265
AP2A2,DR,0.00024765192119110884,2,True,-0.2676
AP2M1,DN,2.063605009962477e-09,2,True,-5.879
AP2M1,DPN,9.339274684726846e-07,2,True,-4.7672
AP2M1,DR,0.0798008129783537,2,True,1.4372
APEH,DN,1.631174908294989e-06,2,True,-4.7945
APEH,DPN,5.362333200558193e-06,2,True,-3.0309
APEH,DR,9.999999999999999e-301,2,True,-40.6539
ARHGAP31,DN,1.1812148760520273e-05,2,True,-4.381
ARHGAP31,DPN,1.0,2,True,-0.4062
ARHGAP31,DR,1.9827526025226738e-11,2,True,-6.7073
ARHGEF10,DN,1.2264982274970899e-70,2,True,1.472
ARHGEF10,DPN,2.93278073400197e-53,2,True,-0.1068
ARHGEF10,DR,5.0563141759933146e-45,2,True,0.0023
ARL4D,DN,1.0,2,True,-0.0215
ARL4D,DPN,0.007157492317920452,2,True,-2.6826
ARL4D,DR,0.05477466862566831,2,True,-1.8175
ARMC1,DN,0.05835912975458301,1,True,
ARMC1,DPN,0.6504234775855192,1,True,
ARMC1,DR,0.3017620357701851,1,True,
ARPIN,DN,1.0,2,True,0.5076
ARPIN,DPN,0.26434968474143505,2,True,0.4163
ARPIN,DR,0.04303820456051201,2,True,1.5038
ARSK,DN,0.007689140341217762,2,True,2.074
ARSK,DPN,9.221695436111001e-05,2,True,-1.4018
ARSK,DR,0.0007464106482533928,2,True,3.3697
ASAH2B,DN,0.01499968988594589,2,True,1.0892
ASAH2B,DPN,0.027999429669071884,2,True,-2.1912
ASAH2B,DR,2.5722805547212803e-08,2,True,-5.5533
ASB1,DN,0.011035021901036208,2,True,-0.0323
ASB1,DPN,0.0003581901493160254,2,True,1.0586
ASB1,DR,0.33569834973752566,2,True,0.3076
ASB7,DN,0.6161627787626425,1,False,-0.5013
ASB7,DPN,0.002765270959034536,1,False,-2.9927
ASB7,DR,0.02193177736846709,1,False,-2.2915
ASTL,DN,0.013422677053726592,1,False,2.4724
ASTL,DPN,0.18230164715583463,1,False,-1.3337
ASTL,DR,0.11763631411394027,1,False,1.5648
AZI2,DN,1.0,2,True,-0.6117
AZI2,DPN,0.03251371074113223,2,True,1.9127
AZI2,DR,1.0,2,True,-0.3069
B4GALT6,DN,0.7794115686931596,1,False,0.2801
B4GALT6,DPN,0.06618439838114026,1,False,-1.8372
B4GALT6,DR,0.9995406984293657,1,False,-0.0006
BAG5,DN,0.02336014128928309,2,True,-2.0486
BAG5,DPN,0.015340657818876622,2,True,-2.328
BAG5,DR,1.4877883807651784e-06,2,True,4.5276
BAIAP2L2,DN,1.6608774620481493e-08,2,True,-5.6441
BAIAP2L2,DPN,0.0004190025321374759,2,True,-3.5268
BAIAP2L2,DR,0.0001034771443825234,2,True,-3.8823
BAMBI,DN,3.64213394570652e-07,1,False,5.0868
BAMBI,DPN,0.0015061790545070754,1,False,3.1735
BAMBI,DR,9.004327353881618e-08,1,False,5.3458
BANF1,DN,0.06464416009998451,2,True,-1.2994
BANF1,DPN,0.18086442739544942,2,True,1.3793
BANF1,DR,0.029686069812403234,2,True,-1.858
BBS2,DN,0.00608753655831983,2,True,-2.3166
BBS2,DPN,7.932205503495449e-07,2,True,-4.933
BBS2,DR,0.0015208766835156898,2,True,-1.8948
BCAP29,DN,4.302883956920236e-111,2,True,-22.396
BCAP29,DPN,9.999999999999999e-301,2,True,37.2333
BCAP29,DR,4.6230105327520434e-122,2,True,23.4947
BCAS2,DN,1.0,2,True,-1.5922
BCAS2,DPN,7.485590009537585e-07,2,True,1.8209
BCAS2,DR,3.886573557325615e-12,2,True,3.3094
BDP1,DN,0.0714356188381762,2,True,1.8104
BDP1,DPN,0.00024542749412897325,2,True,-3.6669
BDP1,DR,0.0021742824671837748,2,True,0.2966
BEND5,DN,1.3378155342996225e-16,1,True,
BEND5,DPN,4.315463463211309e-14,1,True,
BEND5,DR,2.707363220990778e-09,1,True,
BPI,DN,4.5222381383698965e-09,2,True,-5.8637
BPI,DPN,1.729379363224373e-17,2,True,8.5107
BPI,DR,2.9142695458979098e-05,2,True,4.1802
BRD1,DN,0.04776983106427585,1,False,-1.9794
BRD1,DPN,0.07553591193819396,1,False,1.7772
BRD1,DR,2.1763911598322155e-07,1,False,-5.1836
BRIP1,DN,0.026956004337196773,1,True,
BRIP1,DPN,0.2863010128457134,1,True,
BRIP1,DR,0.0021892043798804792,1,True,
BTBD19,DN,0.0036475179187222214,2,True,2.906
BTBD19,DPN,1.528321187852807e-06,2,True,-4.7935
BTBD19,DR,0.001442260628244289,2,True,2.4632
C12ORF49,DN,0.011085076792627746,2,True,-2.4446
C12ORF49,DPN,9.203330939582406e-12,2,True,-6.8184
C12ORF49,DR,0.0001946093212744682,2,True,-1.3648
C19ORF18,DN,0.05009115185881393,2,True,-1.8401
C19ORF18,DPN,1.0,2,True,-1.0031
C19ORF18,DR,5.100912073765249e-09,2,True,-5.8438
C1ORF123,DN,4.924804377711629e-07,2,True,-5.027
C1ORF123,DPN,0.07569808598601623,2,True,-1.7565
C1ORF123,DR,0.09166249602676528,2,True,-0.9231
C1ORF226,DN,7.361157515230665e-12,1,False,6.8505
C1ORF226,DPN,0.013694844317165026,1,False,2.4652
C1ORF226,DR,0.004569492782340343,1,False,2.8359
C2CD2,DN,1.8826240518857396e-05,1,True,
C2CD2,DPN,3.129586645033951e-05,1,True,
C2CD2,DR,0.23012248552283765,1,True,
C2ORF69,DN,0.007817698808729175,2,True,1.6581
C2ORF69,DPN,4.828842032677271e-06,2,True,3.7856
C2ORF69,DR,1.0,2,True,0.7866
C3ORF20,DN,0.04127122999533137,2,True,1.7438
C3ORF20,DPN,0.00454834703225261,2,True,-2.6085
C3ORF20,DR,0.0002828521856795381,2,True,-3.4475
C3ORF38,DN,6.481540656833609e-07,2,True,4.8403
C3ORF38,DPN,0.03267178608412407,2,True,1.8475
C3ORF38,DR,2.0585751357479904e-07,2,True,5.0635
C4ORF32,DN,0.02531459818896616,2,True,-1.9573
C4ORF32,DPN,0.0005890673726796932,2,True,-3.2441
C4ORF32,DR,0.0007914583341629766,2,True,-3.159
C5ORF15,DN,0.003967520343470386,1,True,
C5ORF15,DPN,0.004734308230090189,1,True,
C5ORF15,DR,0.000399810116431451,1,True,
CA11,DN,2.1165560644560637e-31,2,True,-2.5268
CA11,DPN,2.5090207309236813e-05,2,True,3.4863
CA11,DR,1.0,2,True,0.6062
CA8,DN,0.011243119175671414,2,True,-2.541
CA8,DPN,0.023090751587260896,2,True,-2.1758
CA8,DR,0.030939157408212233,2,True,-1.8279
CACUL1,DN,0.0005170449464733099,2,True,3.4083
CACUL1,DPN,0.22339119115745698,2,True,-0.8912
CACUL1,DR,0.31392390404352094,2,True,0.9483
CAPRIN2,DN,0.07660775434496123,1,False,1.7707
CAPRIN2,DPN,0.23550608086698294,1,False,1.1863
CAPRIN2,DR,0.0024022701801595476,1,False,3.0354
CAPZA2,DN,0.0017095098922387635,2,True,2.1606
CAPZA2,DPN,0.2072837564527418,2,True,1.2059
CAPZA2,DR,0.028191955069810506,2,True,2.1194
CARM1,DN,0.005363866142889926,2,True,-2.7691
CARM1,DPN,0.037822546703209135,2,True,2.0786
CARM1,DR,0.0026879021611750783,2,True,0.366
CASC4,DN,7.808246818561227e-07,2,True,4.8032
CASC4,DPN,1.0,2,True,0.097
CASC4,DR,5.0098615995614455e-05,2,True,3.8901
CBX1,DN,0.005762657002027563,2,True,0.801
CBX1,DPN,1.0,2,True,-0.2325
CBX1,DR,5.277559044912139e-20,2,True,0.194
CBX6,DN,0.00037689652690045235,2,True,0.6632
CBX6,DPN,1.093653840495044e-05,2,True,1.5186
CBX6,DR,4.671817391562374e-06,2,True,4.579
CCDC6,DN,0.05836007768390389,2,True,-1.9981
CCDC6,DPN,7.626677555808402e-122,2,True,-1.4624
CCDC6,DR,8.027961689776188e-08,2,True,1.453
CCDC80,DN,0.00016916144336425663,1,True,
CCDC80,DPN,3.348897912277861e-10,1,True,
CCDC80,DR,1.2071176162640212e-09,1,True,
CCL4,DN,0.00040515533852755265,2,True,3.31
CCL4,DPN,0.0019566405207577377,2,True,-2.0253
CCL4,DR,0.00046057755205638963,2,True,3.4628
CD5,DN,2.124040771614568e-06,2,True,-4.6837
CD5,DPN,2.018915982260144e-05,2,True,-4.2627
CD5,DR,0.007913546603676932,2,True,2.2368
CD72,DN,4.391699694473579e-11,2,True,2.9558
CD72,DPN,0.0002966763823806218,2,True,-3.6183
CD72,DR,1.0,2,True,-0.4948
CDC37L1-AS1,DN,7.441814233992358e-08,2,True,4.8553
CDC37L1-AS1,DPN,1.0,2,True,-0.028
CDC37L1-AS1,DR,9.118617995101608e-10,2,True,6.1183
CDC42,DN,9.02141545048897e-12,2,True,0.6235
CDC42,DPN,0.04487235645159579,2,True,-0.7373
CDC42,DR,4.1337364618044145e-09,2,True,-0.1217
CDC7,DN,1.0,2,True,0.0631
CDC7,DPN,0.15567505300762094,2,True,-1.6195
CDC7,DR,0.06689545523824683,2,True,-1.5719
CDH13,DN,0.061994620783231334,2,True,1.7723
CDH13,DPN,1.0,2,True,-0.8686
CDH13,DR,0.00652604076628508,2,True,1.9969
CDHR1,DN,0.0671860477394359,2,True,-0.9711
CDHR1,DPN,1.0,2,True,0.4696
CDHR1,DR,0.2348976728096278,2,True,-0.9119
CDK11B,DN,1.3191222063668858e-39,2,True,4.2269
CDK11B,DPN,2.091176916261331e-05,2,True,1.6705
CDK11B,DR,1.793849417770679e-20,2,True,1.3329
CDK5,DN,2.982726820878656e-08,1,False,5.5424
CDK5,DPN,0.9799831616911342,1,False,0.0251
CDK5,DR,0.0014531811060581959,1,False,3.1839
CDS1,DN,5.372723315859525e-19,2,True,-8.8271
CDS1,DPN,2.7003205647498873e-05,2,True,-4.0376
CDS1,DR,6.617556544731394e-12,2,True,-6.766
CEBPA,DN,0.027215842845013098,1,False,-2.2084
CEBPA,DPN,3.736155334797641e-05,1,False,4.1232
CEBPA,DR,0.2766901945726251,1,False,1.0878
CES3,DN,4.947925793770502e-06,2,True,4.4194
CES3,DPN,1.0,2,True,-0.513
CES3,DR,0.026335676706062752,2,True,-1.9405
CFDP1,DN,1.0,2,True,-0.1828
CFDP1,DPN,1.0,2,True,0.6972
CFDP1,DR,0.14314621244409204,2,True,-0.7623
CHAC1,DN,0.30883315988851623,1,False,1.0177
CHAC1,DPN,0.2814197059542682,1,False,-1.0771
CHAC1,DR,0.972778964462937,1,False,-0.0341
CHML,DN,0.0004191886403373665,1,True,
CHML,DPN,0.007467288238447651,1,True,
CHML,DR,0.6586666069148748,1,True,
CHMP2A,DN,0.029432472734283257,2,True,-2.0598
CHMP2A,DPN,0.00022258228614544727,2,True,-3.6873
CHMP2A,DR,1.0898119660334997e-05,2,True,0.3448
CHRNE,DN,0.006541415686659956,2,True,-1.6299
CHRNE,DPN,8.468470405527948e-21,2,True,9.3371
CHRNE,DR,1.0,2,True,-0.6061
CISD3,DN,4.806221705806854e-10,2,True,6.2253
CISD3,DPN,0.0026565600748290038,2,True,3.0024
CISD3,DR,0.19647164148823215,2,True,1.4524
CITED2,DN,0.04707122979629665,1,True,
CITED2,DPN,0.09406619436523557,1,True,
CITED2,DR,1.3746302853038772e-10,1,True,
CLEC10A,DN,0.00024893027552613193,2,True,3.6625
CLEC10A,DPN,4.917698788128275e-13,2,True,7.2276
CLEC10A,DR,0.00037918805518885715,2,True,3.547
CLEC2D,DN,0.12430490897141858,2,True,-1.3858
CLEC2D,DPN,2.030356174891582e-14,2,True,1.1896
CLEC2D,DR,1.6624404377169008e-12,2,True,3.2537
CLECL1,DN,1.7551988669177065e-08,2,True,-1.3797
CLECL1,DPN,0.033678504257545296,2,True,1.966
CLECL1,DR,1.587275040950033e-42,2,True,-2.5433
CLIP4,DN,0.9503008486484145,1,True,
CLIP4,DPN,0.02922331465465751,1,True,
CLIP4,DR,0.0006241648685510481,1,True,
CLK1,DN,1.1827982910509503e-08,1,False,-5.7022
CLK1,DPN,0.3694942443044564,1,False,-0.8974
CLK1,DR,2.965832814873431e-06,1,False,-4.6732
CLN3,DN,0.019794718920543256,2,True,-2.3811
CLN3,DPN,0.00020300584578796036,2,True,-3.7151
CLN3,DR,0.00736161929574865,2,True,-2.6735
COL16A1,DN,0.00028702532378625556,1,False,3.6267
COL16A1,DPN,0.008044248548134165,1,False,2.6502
COL16A1,DR,0.0003836725624709557,1,False,-3.5511
COL6A2,DN,9.237900657914567e-23,2,True,0.741
COL6A2,DPN,8.764747320349989e-118,2,True,-2.1672
COL6A2,DR,1.2545241623815473e-163,2,True,0.6965
COL7A1,DN,8.488762220215101e-05,2,True,3.7602
COL7A1,DPN,0.33052005776918736,2,True,0.826
COL7A1,DR,1.0,2,True,-0.4058
CPNE3,DN,1.0,2,True,0.7458
CPNE3,DPN,0.01611478029826803,2,True,-0.5625
CPNE3,DR,0.14056705041422063,2,True,-1.2201
CPSF2,DN,0.009680800056324322,2,True,1.7084
CPSF2,DPN,4.228264005455713e-09,2,True,4.2185
CPSF2,DR,1.0,2,True,-0.0351
CRACR2B,DN,1.0994323646765548e-12,2,True,7.1174
CRACR2B,DPN,1.0,2,True,-0.2513
CRACR2B,DR,1.0,2,True,-0.3009
CRYGS,DN,6.009550325332277e-19,2,True,8.8919
CRYGS,DPN,9.3903800878836e-13,2,True,-7.1387
CRYGS,DR,1.4346573957498418e-198,2,True,-0.6289
CTBS,DN,3.526260506685319e-156,2,True,-9.5392
CTBS,DPN,1.1565595239906483e-56,2,True,7.5407
CTBS,DR,1.7519469074770098e-15,2,True,4.9807
CTC-281F24.1,DN,1.5795098175216037e-06,1,False,4.8009
CTC-281F24.1,DPN,0.0011062245425950887,1,False,-3.262
CTC-281F24.1,DR,0.04001125142419773,1,False,-2.0536
CTD-2081C10.7,DN,0.07870271943697672,1,True,
CTD-2081C10.7,DPN,0.0009495894183306901,1,True,
CTD-2081C10.7,DR,0.4066950550049864,1,True,
CTD-2547L24.4,DN,0.11366212128972385,1,False,1.5819
CTD-2547L24.4,DPN,0.014315224432494224,1,False,-2.4493
CTD-2547L24.4,DR,0.6668274230401934,1,False,0.4305
CTD-3116E22.8,DN,0.7094558922311898,1,True,
CTD-3116E22.8,DPN,0.08783999584778507,1,True,
CTD-3116E22.8,DR,0.0026816553805481796,1,True,
CUTC,DN,0.01760952134944109,1,False,2.3737
CUTC,DPN,0.07714858545035168,1,False,-1.7675
CUTC,DR,0.038054784901874694,1,False,-2.0743
CYB5D2,DN,3.5972358948098873e-19,1,False,8.9487
CYB5D2,DPN,2.042104738063473e-28,1,False,-11.0564
CYB5D2,DR,0.40697111223911153,1,False,0.8292
CYB5R3,DN,0.008640986448612314,2,True,-1.4202
CYB5R3,DPN,0.0002739770284935242,2,True,-2.8076
CYB5R3,DR,0.0036894046529069883,2,True,2.4621
CYSLTR2,DN,0.4670397948037645,1,False,0.7273
CYSLTR2,DPN,0.6881940219864924,1,False,0.4013
CYSLTR2,DR,0.6571946752466731,1,False,0.4438
DAPP1,DN,0.04124943124919804,2,True,-2.0945
DAPP1,DPN,0.05053969919290106,2,True,1.5672
DAPP1,DR,1.0,2,True,-0.629
DBF4B,DN,1.3703384881478758e-10,2,True,-6.4192
DBF4B,DPN,1.0,2,True,0.9268
DBF4B,DR,0.0037237516803912867,2,True,2.695
DCTD,DN,1.0682635573786248e-05,2,True,-4.4029
DCTD,DPN,0.001193456264481575,2,True,-3.2391
DCTD,DR,3.6869866623921584e-29,2,True,-11.2089
DCTN5,DN,1.0,2,True,0.21
DCTN5,DPN,1.7602628374546368e-08,2,True,-5.1128
DCTN5,DR,0.0021222284858327957,2,True,2.7978
DDHD1,DN,0.07366310915329805,2,True,-1.2489
DDHD1,DPN,4.488032348676113e-14,2,True,7.546
DDHD1,DR,4.8049186686538416e-06,2,True,3.6905
DDIAS,DN,0.05237160702538839,2,True,1.7198
DDIAS,DPN,0.11078127938582695,2,True,0.3404
DDIAS,DR,1.0915875303710823e-07,2,True,-5.3108
DEGS2,DN,0.23576495840359069,2,True,1.6938
DEGS2,DPN,0.0015645849469603454,2,True,-2.9599
DEGS2,DR,0.09168623329329159,2,True,1.6939
DENND5A,DN,2.0320672529044032e-19,2,True,9.0115
DENND5A,DPN,1.1785200144706004e-22,2,True,9.7954
DENND5A,DR,1.0,2,True,1.8018
DGCR2,DN,6.35369094540232e-148,1,False,25.9018
DGCR2,DPN,3.4743929675784597e-07,1,False,-5.0957
DGCR2,DR,1.1028604710441862e-05,1,False,4.396
DMXL1,DN,2.2119550979023557e-59,2,True,-0.6508
DMXL1,DPN,6.358929810958766e-10,2,True,6.1813
DMXL1,DR,1.0028659075420043e-15,2,True,-0.2227
DNAI2,DN,5.1491912480380764e-05,1,False,4.0487
DNAI2,DPN,0.0505058470589781,1,False,-1.9557
DNAI2,DR,0.03242743583268477,1,False,2.1391
DNAJC15,DN,1.0,2,True,0.3445
DNAJC15,DPN,1.2308215811679658e-05,2,True,-4.0526
DNAJC15,DR,0.29472672871829547,2,True,0.478
DNAJC9,DN,0.0011732646129293666,2,True,3.0425
DNAJC9,DPN,1.3283158428199217e-08,2,True,5.5627
DNAJC9,DR,1.4804010118803345e-18,2,True,-8.7129
DNAL4,DN,1.5062998709906756e-06,2,True,-1.1793
DNAL4,DPN,1.292495409243538e-10,2,True,-6.4281
DNAL4,DR,5.350778887311479e-19,2,True,-5.1334
DPEP3,DN,0.1357200562113786,1,False,-1.4919
DPEP3,DPN,0.956591577302342,1,False,-0.0544
DPEP3,DR,2.0804481028675778e-10,1,False,-6.3553
DPPA4,DN,0.4472517648718381,1,False,0.76
DPPA4,DPN,0.5307421124607828,1,False,-0.6269
DPPA4,DR,0.7033943506498416,1,False,-0.3807
DSC2,DN,0.7448228012442986,1,False,0.3255
DSC2,DPN,0.01571848201302357,1,False,-2.4154
DSC2,DR,2.790976910049611e-05,1,False,4.1899
DZIP1L,DN,0.09089018509864336,2,True,1.6384
DZIP1L,DPN,0.0005016853106234313,2,True,3.2698
DZIP1L,DR,0.05570075930418433,2,True,1.8793
E4F1,DN,0.5730377237966955,1,False,-0.5636
E4F1,DPN,0.7028492845158281,1,False,0.3815
E4F1,DR,0.9747203178566575,1,False,0.0317
EBLN2,DN,0.9597283771095835,1,True,
EBLN2,DPN,0.8013385188402413,1,True,
EBLN2,DR,0.9114376353221727,1,True,
ECHDC3,DN,0.0051428968141729505,2,True,-2.4881
ECHDC3,DPN,0.00400021971873893,2,True,-1.1377
ECHDC3,DR,0.1267525990383511,2,True,-1.4232
EEPD1,DN,0.014414904034665822,2,True,2.4317
EEPD1,DPN,7.26394732160933e-05,2,True,3.9675
EEPD1,DR,0.0003316563129313308,2,True,3.5836
EHMT1,DN,0.039391545611131784,2,True,1.9798
EHMT1,DPN,1.0,2,True,-0.6676
EHMT1,DR,2.989910131521117e-07,2,True,5.0834
EMC2,DN,0.18482196318981448,2,True,1.181
EMC2,DPN,1.0,2,True,-0.9648
EMC2,DR,0.00021847423306554288,2,True,3.6962
EMG1,DN,3.468259013815417e-11,2,True,-6.6252
EMG1,DPN,0.015190208215322708,2,True,2.2876
EMG1,DR,1.5357866979745058e-179,2,True,28.5711
EPB41L4A-AS1,DN,0.3646960537144837,2,True,0.7906
EPB41L4A-AS1,DPN,0.0007366618897856973,2,True,3.1799
EPB41L4A-AS1,DR,1.0,2,True,-0.4873
EPG5,DN,0.011609839899539013,2,True,-2.556
EPG5,DPN,0.033581728206719244,2,True,-2.1096
EPG5,DR,8.028705190967026e-06,2,True,-4.4637
EPOP,DN,8.940531060845866e-06,2,True,-4.4413
EPOP,DPN,0.010472420762327636,2,True,-2.4113
EPOP,DR,0.10103888747423886,2,True,-1.5883
EPS8,DN,0.48442833301436006,2,True,0.8207
EPS8,DPN,1.7429021875125488e-06,2,True,-4.7811
EPS8,DR,0.004075372140755499,2,True,-2.7287
EREG,DN,0.42040131698176547,1,False,0.8057
EREG,DPN,0.00867966492102593,1,False,-2.6244
EREG,DR,1.0562794654506513e-09,1,False,-6.1007
EXOSC8,DN,0.05548005835589222,2,True,-1.6523
EXOSC8,DPN,0.02382440562424763,2,True,-2.2363
EXOSC8,DR,5.125545204721798e-29,2,True,-0.6661
FADS3,DN,1.8175423506312984e-06,2,True,-4.7727
FADS3,DPN,0.0008405055650923005,2,True,-3.1819
FADS3,DR,0.0016591951244923435,2,True,-3.144
FAM117B,DN,0.0003678254893120751,2,True,3.5619
FAM117B,DPN,0.0008834577111623346,2,True,3.311
FAM117B,DR,0.004098928050787754,2,True,2.8595
FAM122A,DN,2.088228276277309e-08,2,True,5.4832
FAM122A,DPN,1.0,2,True,-0.1789
FAM122A,DR,2.6434810764143273e-14,2,True,7.5246
FAM124A,DN,0.1821533983551408,1,True,
FAM124A,DPN,0.9045770152479067,1,True,
FAM124A,DR,0.15112369000524808,1,True,
FAM167A,DN,0.00025919187187010344,1,True,
FAM167A,DPN,0.9006923916040993,1,True,
FAM167A,DR,6.104991165214663e-05,1,True,
FAM174B,DN,0.0033458279767769315,1,False,2.934
FAM174B,DPN,0.6971725082002906,1,False,0.3891
FAM174B,DR,0.7755979735523197,1,False,0.2851
FAM177A1,DN,0.573675573498551,1,False,0.5626
FAM177A1,DPN,0.29714361395320255,1,False,1.0426
FAM177A1,DR,0.34801370668599385,1,False,-0.9384
FAM20B,DN,1.0,2,True,-0.3015
FAM20B,DPN,0.4390089643758198,2,True,-1.4305
FAM20B,DR,0.10932532064566479,2,True,-0.705
FAM210A,DN,0.04400563959355727,2,True,-0.8253
FAM210A,DPN,1.0,2,True,-0.4185
FAM210A,DR,0.004845512137009857,2,True,2.7974
FAM213A,DN,0.017542351066344712,2,True,-1.2143
FAM213A,DPN,0.012206359510088116,2,True,1.8039
FAM213A,DR,2.126677613453107e-06,2,True,-0.9983
FAM24B,DN,1.0,2,True,0.8778
FAM24B,DPN,1.1421001389527937e-05,2,True,-1.661
FAM24B,DR,9.420688658642286e-17,2,True,8.3119
FAM87B,DN,5.365829117650285e-06,1,False,-4.55
FAM87B,DPN,0.061242743898792466,1,False,1.8717
FAM87B,DR,0.5646747130816818,1,False,0.5759
FAXDC2,DN,7.632305969395698e-05,2,True,-1.5534
FAXDC2,DPN,0.0003724845185951414,2,True,-0.4704
FAXDC2,DR,4.845633731177724e-20,2,True,-0.7901
FCF1,DN,7.262551682246555e-06,2,True,0.9737
FCF1,DPN,0.005349729316751574,2,True,0.7976
FCF1,DR,4.755011102013878e-05,2,True,-0.5694
FCHO2,DN,0.3553032095375563,2,True,-0.3062
FCHO2,DPN,0.0007790457938630193,2,True,0.5774
FCHO2,DR,0.026752320848118242,2,True,1.3235
FCRL5,DN,0.2418038264367844,1,False,-1.1705
FCRL5,DPN,0.016175591823218788,1,False,-2.4049
FCRL5,DR,0.890503399618614,1,False,0.1377
FGD3,DN,3.999384212528536e-18,1,True,
FGD3,DPN,4.786327355139564e-20,1,True,
FGD3,DR,1.0176549400982931e-06,1,True,
FGF11,DN,0.0008608394935844391,1,True,
FGF11,DPN,0.9991201783120459,1,True,
FGF11,DR,5.631705253147345e-09,1,True,
FGFR4,DN,0.00015817942576705542,2,True,-2.1657
FGFR4,DPN,0.07773263486990017,2,True,-1.1617
FGFR4,DR,0.01514115813266116,2,True,2.4148
FIG4,DN,0.017551995152954296,2,True,2.3527
FIG4,DPN,1.8160939381177844e-13,2,True,-2.4468
FIG4,DR,0.11206236458628481,2,True,0.2457
FKBP9,DN,1.530437763969964e-09,2,True,4.4532
FKBP9,DPN,3.724010565834299e-12,2,True,3.3799
FKBP9,DR,0.0006491633919720333,2,True,3.4124
FMNL1,DN,0.39415047009666154,1,False,-0.8521
FMNL1,DPN,0.5312933939109897,1,False,-0.626
FMNL1,DR,0.5195724530419481,1,False,0.644
FOXN2,DN,0.20492604567345882,1,False,1.2676
FOXN2,DPN,0.008477975517716643,1,False,2.6324
FOXN2,DR,6.195717559690335e-23,1,False,9.8601
FRA10AC1,DN,8.861928337664049e-44,2,True,-13.8759
FRA10AC1,DPN,2.7930768845636755e-05,2,True,-3.1812
FRA10AC1,DR,3.450278184135337e-07,2,True,0.578
FUCA2,DN,0.9729224498052623,1,False,-0.0339
FUCA2,DPN,0.49524864154295645,1,False,0.682
FUCA2,DR,0.7132113219436187,1,False,-0.3675
FUT11,DN,1.861527649650763e-05,2,True,-4.1279
FUT11,DPN,0.4986117913295862,2,True,0.6317
FUT11,DR,1.0,2,True,0.7577
GCM1,DN,0.03601652370143628,1,False,2.0967
GCM1,DPN,0.9069997291694533,1,False,-0.1168
GCM1,DR,4.976073392036419e-07,1,False,-5.0272
GGACT,DN,2.401874740351281e-13,2,True,7.3243
GGACT,DPN,0.00037316947445108895,2,True,3.5581
GGACT,DR,0.0004690238565210633,2,True,3.4634
GID8,DN,0.029541658759268632,2,True,2.1882
GID8,DPN,0.047618883245078396,2,True,1.5868
GID8,DR,0.000357234180522271,2,True,3.5705
GIT1,DN,0.6871841591272294,1,False,0.4027
GIT1,DPN,0.000754004155607849,1,False,3.3691
GIT1,DR,0.15417329381998654,1,False,1.4249
GK5,DN,4.8135269054767e-05,2,True,4.0629
GK5,DPN,3.576561537211439e-05,2,True,4.1332
GK5,DR,0.13798365355518863,2,True,0.2921
GMCL1,DN,0.1189426749102851,2,True,1.249
GMCL1,DPN,1.0,2,True,-0.5659
GMCL1,DR,0.04236387839306141,2,True,-1.732
GNPDA1,DN,4.873346478643233e-06,2,True,3.9134
GNPDA1,DPN,1.474436835101621e-07,2,True,5.2443
GNPDA1,DR,0.003525946057842215,2,True,1.2991
GOLGA5,DN,0.04890439717334583,2,True,1.4635
GOLGA5,DPN,0.14878275021343376,2,True,-1.2411
GOLGA5,DR,0.4743325852028066,2,True,-1.009
GOLGA7B,DN,1.6728029809817912e-40,2,True,-13.3243
GOLGA7B,DPN,1.5444805434043082e-61,2,True,16.5522
GOLGA7B,DR,0.002328451214348914,2,True,3.0307
GPR137,DN,0.6487702789306755,1,True,
GPR137,DPN,0.5348166349780408,1,True,
GPR137,DR,1.0116068807633422e-07,1,True,
GPR20,DN,0.0049041779527503404,2,True,-2.6983
GPR20,DPN,0.2280228465595906,2,True,1.4186
GPR20,DR,3.6242378854972006e-07,2,True,5.0877
GPR4,DN,0.23618972358912413,2,True,-1.4263
GPR4,DPN,1.6306090228141204e-12,2,True,-7.0629
GPR4,DR,0.2343305422344395,2,True,1.2973
GRAMD1C,DN,0.04817612745188077,2,True,0.7608
GRAMD1C,DPN,0.001847681370957003,2,True,3.0867
GRAMD1C,DR,0.027308134600409616,2,True,2.1627
GRAMD3,DN,2.8387182126834046e-07,2,True,-3.2001
GRAMD3,DPN,2.0223332241537508e-08,2,True,-5.6101
GRAMD3,DR,0.008008632788837896,2,True,-2.6061
GSTA1,DN,1.0,2,True,-0.0275
GSTA1,DPN,0.047183645998587674,2,True,-1.6137
GSTA1,DR,0.059179516510499776,2,True,-1.5287
GSTM3,DN,6.458004926615362e-09,2,True,-1.7114
GSTM3,DPN,0.028074608629426658,2,True,-0.8097
GSTM3,DR,7.033871865662051e-31,2,True,-3.7442
GTF2E1,DN,1.0,2,True,-0.701
GTF2E1,DPN,1.0,2,True,0.0537
GTF2E1,DR,0.0035664917171493995,2,True,-2.9135
GTPBP1,DN,9.999999999999999e-301,2,True,10.7467
GTPBP1,DPN,1.1204076978803901e-66,2,True,17.2499
GTPBP1,DR,9.999999999999999e-301,2,True,24.1877
GYPC,DN,1.0,2,True,0.1558
GYPC,DPN,1.0,2,True,-0.1592
GYPC,DR,0.02988412009603825,2,True,2.1682
HACD2,DN,0.04795026640663192,2,True,-1.5202
HACD2,DPN,8.959379068143844e-17,2,True,-1.3559
HACD2,DR,5.1738606140613296e-33,2,True,-2.4885
HCG11,DN,0.1144370973432174,1,False,1.5786
HCG11,DPN,4.595285817200647e-56,1,False,15.7754
HCG11,DR,1.4713531146200817e-28,1,False,11.0857
HECA,DN,0.5915605112396336,1,False,-0.5366
HECA,DPN,0.7021900311652818,1,False,0.3824
HECA,DR,0.08053234641982542,1,False,-1.7476
HEMK1,DN,1.0467408094899417e-27,2,True,-6.2818
HEMK1,DPN,1.7095876775693772e-15,2,True,0.8956
HEMK1,DR,1.4998765942105453e-241,2,True,-15.8958
HERPUD2,DN,1.0,2,True,1.5449
HERPUD2,DPN,1.0,2,True,-0.0417
HERPUD2,DR,0.3450988237675737,2,True,-0.4287
HIF3A,DN,1.3670861721910964e-09,2,True,6.0593
HIF3A,DPN,0.00020828646646248427,2,True,3.7086
HIF3A,DR,0.006193383300280825,2,True,2.7309
HINT2,DN,0.0763264540232533,2,True,1.4735
HINT2,DPN,1.8167298870194576e-06,2,True,4.6096
HINT2,DR,5.061410888045706e-06,2,True,-4.4278
HIP1R,DN,1.0,2,True,1.1107
HIP1R,DPN,1.0,2,True,-0.1281
HIP1R,DR,1.0,2,True,-0.9064
HIST1H2BN,DN,4.999999999999999e-301,2,True,-43.6198
HIST1H2BN,DPN,4.999999999999999e-301,2,True,-64.1013
HIST1H2BN,DR,4.999999999999999e-301,2,True,-105.2157
HK2,DN,2.364800802683167e-20,2,True,0.8725
HK2,DPN,2.977379153250393e-28,2,True,-1.8127
HK2,DR,0.03509010203819102,2,True,2.081
HMGCL,DN,0.032204638909010125,2,True,1.8562
HMGCL,DPN,1.0,2,True,0.5746
HMGCL,DR,0.10675655667512668,2,True,1.3009
HNRNPD,DN,0.00868046260700908,1,False,2.6244
HNRNPD,DPN,0.0012502049924480692,1,False,-3.2272
HNRNPD,DR,0.9321114277362166,1,False,0.0852
HOXB4,DN,0.04357942686697179,2,True,0.617
HOXB4,DPN,0.06738401410160574,2,True,-1.82
HOXB4,DR,1.0,2,True,0.0342
HPCAL1,DN,0.0001959291725391378,2,True,2.6057
HPCAL1,DPN,0.0002668060681107083,2,True,3.1858
HPCAL1,DR,0.09362948400264162,2,True,-0.762
HRG,DN,0.010908763788003806,1,False,-2.5456
HRG,DPN,0.8427965193970999,1,False,-0.1983
HRG,DR,0.23634257183422935,1,False,-1.1842
HS1BP3,DN,1.0,2,True,-0.0794
HS1BP3,DPN,0.01386934493881148,2,True,0.4617
HS1BP3,DR,0.09844150374940332,2,True,0.123
HS3ST3A1,DN,2.6998027132225645e-07,2,True,-1.3438
HS3ST3A1,DPN,8.05166613449488e-08,2,True,-0.7231
HS3ST3A1,DR,0.008509535237645676,2,True,1.5965
HSD17B6,DN,0.0007595505192049672,2,True,-3.171
HSD17B6,DPN,0.048751595735612975,2,True,-1.668
HSD17B6,DR,7.969295813600763e-06,2,True,-4.3153
ID3,DN,0.306856336498842,1,False,1.0218
ID3,DPN,0.6243345743739948,1,False,-0.4897
ID3,DR,0.6878343868246476,1,False,-0.4018
IDH2,DN,0.1927374920856708,2,True,0.7219
IDH2,DPN,0.03000336205728384,2,True,-0.2146
IDH2,DR,0.010337701222791944,2,True,2.4489
IFIH1,DN,0.0035105511719305447,1,False,-2.9191
IFIH1,DPN,0.159334875470738,1,False,-1.4073
IFIH1,DR,0.0035444650887746978,1,False,-2.9161
IFT122,DN,0.06329524696374095,2,True,1.3528
IFT122,DPN,0.41260004381926385,2,True,-0.7417
IFT122,DR,1.0,2,True,0.2161
IGF2,DN,2.474175698036256e-31,1,False,11.6436
IGF2,DPN,1.0316817486922722e-07,1,False,5.3211
IGF2,DR,2.796768371161758e-84,1,False,19.4521
IL11RA,DN,6.637824714981137e-10,1,True,
IL11RA,DPN,0.040830523829082144,1,True,
IL11RA,DR,4.998767332085004e-15,1,True,
IL15,DN,0.1885260555450019,2,True,-1.0031
IL15,DPN,2.2748544463432303e-05,2,True,0.4101
IL15,DR,0.31635273486790555,2,True,1.1832
IL18R1,DN,0.05311777192031485,2,True,-1.9279
IL18R1,DPN,3.9859677984777745e-20,2,True,-9.1884
IL18R1,DR,0.321197514060675,2,True,-1.2506
ILK,DN,0.2836403120411546,2,True,-0.8932
ILK,DPN,0.4723883567668376,2,True,-0.4233
ILK,DR,1.0,2,True,0.3968
IMPDH1,DN,0.049136438220475226,1,False,-1.9674
IMPDH1,DPN,1.1653820521115132e-13,1,False,-7.4207
IMPDH1,DR,0.00018409539717420266,1,False,3.7399
INO80B,DN,0.005041355575413165,1,False,2.8044
INO80B,DPN,0.26862924016033507,1,False,1.1062
INO80B,DR,2.4531573586271447e-06,1,False,4.712
IQGAP2,DN,0.16163251781720142,2,True,0.6262
IQGAP2,DPN,0.18108011438088123,2,True,1.3497
IQGAP2,DR,0.007767986599922861,2,True,1.3539
IQSEC3,DN,0.1608525810722756,2,True,1.2519
IQSEC3,DPN,0.16255822981339266,2,True,-1.0458
IQSEC3,DR,0.12863420586031485,2,True,1.3947
IRAK1BP1,DN,0.2816558006124527,2,True,-0.566
IRAK1BP1,DPN,0.14336813272797924,2,True,1.6397
IRAK1BP1,DR,3.3342910550748284e-06,2,True,4.6491
ISM1,DN,0.1130841176883674,1,False,1.5845
ISM1,DPN,0.19558100595621963,1,False,-1.2942
ISM1,DR,0.7908279812302891,1,False,-0.2652
ITGA2B,DN,0.0006169913790385461,1,False,-3.424
ITGA2B,DPN,0.17195611901890936,1,False,-1.3659
ITGA2B,DR,9.634108468146326e-06,1,False,-4.4252
ITGAD,DN,0.20392453176553704,2,True,0.865
ITGAD,DPN,0.08418003798803898,2,True,2.1144
ITGAD,DR,6.771267726225646e-07,2,True,4.9678
ITPRIPL1,DN,0.13800915912330267,2,True,0.7895
ITPRIPL1,DPN,0.05085046799664015,2,True,-0.2223
ITPRIPL1,DR,0.00745037935555242,2,True,2.159
JAG1,DN,5.1534941783206995e-114,1,False,22.6938
JAG1,DPN,5.32853947455701e-32,1,False,-11.7738
JAG1,DR,0.024117021340961897,1,False,2.2553
JMJD4,DN,2.909709769020498e-09,2,True,-5.491
JMJD4,DPN,1.0959965333185113e-06,2,True,-4.1427
JMJD4,DR,0.02118268588838654,2,True,1.9687
KATNBL1,DN,1.0,2,True,0.7139
KATNBL1,DPN,0.0467507051631111,2,True,-1.4175
KATNBL1,DR,0.02609287208681428,2,True,1.5412
KBTBD11,DN,0.054557850240616816,2,True,-0.9627
KBTBD11,DPN,7.48979429839583e-15,2,True,7.7759
KBTBD11,DR,0.02954198368967498,2,True,-2.1931
KBTBD4,DN,0.0001986803858117647,1,False,3.7207
KBTBD4,DPN,0.006987105018477389,1,False,-2.6975
KBTBD4,DR,0.9202500893742827,1,False,0.1001
KCNK17,DN,0.0011157403750909104,2,True,3.1357
KCNK17,DPN,1.4992176063666357e-11,2,True,1.1021
KCNK17,DR,1.2968613981552317e-06,2,True,-2.3149
KCNMA1,DN,0.6403006972315826,1,False,-0.4673
KCNMA1,DPN,0.37273854892829666,1,False,-0.8914
KCNMA1,DR,0.005515074508483859,1,False,2.7753
KCNQ5,DN,0.8958527976546574,1,True,
KCNQ5,DPN,0.6684861184512236,1,True,
KCNQ5,DR,0.23726579779169243,1,True,
KDM5B,DN,0.5694922080705289,1,True,
KDM5B,DPN,0.9251000493998405,1,True,
KDM5B,DR,0.041138451482101566,1,True,
KIF13A,DN,1.445302477219529e-07,2,True,5.2594
KIF13A,DPN,4.169233881037426e-96,2,True,20.8018
KIF13A,DR,3.1479889268708965e-35,2,True,12.3851
KIF18A,DN,1.8331898108372806e-34,2,True,-5.3719
KIF18A,DPN,1.8491360930998474e-05,2,True,-4.2824
KIF18A,DR,9.243525971317756e-05,2,True,-1.202
KIF23,DN,5.965781440572177e-06,2,True,-4.5246
KIF23,DPN,6.205836703695193e-38,2,True,-12.8752
KIF23,DR,0.22407079085209194,2,True,0.8591
KIFC1,DN,0.0005439050787446469,2,True,3.2668
KIFC1,DPN,1.0,2,True,-0.3471
KIFC1,DR,0.0005070385031547674,2,True,3.2866
KLHL40,DN,1.0,2,True,-0.0534
KLHL40,DPN,1.0,2,True,0.3976
KLHL40,DR,0.0003540289348990631,2,True,3.3864
LAMB2,DN,0.15548732498343565,1,False,1.4204
LAMB2,DPN,0.9222784962762071,1,False,-0.0976
LAMB2,DR,0.3391043291316456,1,False,0.9559
LANCL1,DN,0.33237881212157955,2,True,0.8189
LANCL1,DPN,0.044470073387952745,2,True,-1.7507
LANCL1,DR,0.025343370399085897,2,True,-1.9302
LAPTM4A,DN,0.015308993012514663,2,True,2.4088
LAPTM4A,DPN,0.0038892254471434256,2,True,2.8567
LAPTM4A,DR,0.3312388956346398,2,True,1.3014
LARP1,DN,0.709669093810293,1,False,-0.3723
LARP1,DPN,0.656331878026373,1,False,-0.445
LARP1,DR,0.5109853068634165,1,False,0.6573
LCN8,DN,1.0,2,True,0.4996
LCN8,DPN,0.0017759544737012637,2,True,3.1016
LCN8,DR,6.243211016921222e-11,2,True,-6.5378
LEAP2,DN,0.007097720426977228,1,False,2.6922
LEAP2,DPN,0.9736258167387726,1,False,-0.0331
LEAP2,DR,0.5593342978238385,1,False,0.5838
LEPROT,DN,0.022428687665674754,2,True,1.1578
LEPROT,DPN,0.006777928213751675,2,True,0.0999
LEPROT,DR,0.0052241821476661145,2,True,1.8053
LIN37,DN,1.0,2,True,-0.6006
LIN37,DPN,0.002004148838448243,2,True,2.8775
LIN37,DR,2.9466449887308615e-06,2,True,4.5302
LIN7A,DN,0.0002902491278632416,2,True,3.6242
LIN7A,DPN,0.1230327916177454,2,True,1.5967
LIN7A,DR,2.2502749344900906e-08,2,True,-5.5916
LINC00324,DN,0.004988339473323905,2,True,-0.3501
LINC00324,DPN,0.10697845196867087,2,True,-0.7944
LINC00324,DR,0.0010169585922655056,2,True,-3.1542
LINC00662,DN,6.425782477828093e-65,2,True,7.9846
LINC00662,DPN,0.010924057860891092,2,True,-1.3516
LINC00662,DR,1.2124763599411833e-05,2,True,4.3398
LINC00865,DN,0.01119935712278345,2,True,-2.4753
LINC00865,DPN,0.0010260161961871347,2,True,-3.2142
LINC00865,DR,0.053702892840225044,2,True,-1.1196
LINC00937,DN,0.0,1,True,
LINC00937,DPN,0.0,1,True,
LINC00937,DR,0.0,1,True,
LINC00954,DN,0.06394093954463788,2,True,0.7528
LINC00954,DPN,0.175520135830766,2,True,-1.5056
LINC00954,DR,0.0001005381982775133,2,True,3.8893
LINC01291,DN,0.0034405053620566073,2,True,2.7026
LINC01291,DPN,0.06979596780943974,2,True,1.5006
LINC01291,DR,0.1946614504698462,2,True,1.0304
LINC01597,DN,0.17438918691351332,2,True,1.1421
LINC01597,DPN,6.414643504570712e-20,2,True,9.1371
LINC01597,DR,5.183929661790356e-19,2,True,8.9083
LINC01644,DN,6.510833382116596e-08,2,True,0.2819
LINC01644,DPN,3.0163440268701495e-09,2,True,-1.7527
LINC01644,DR,3.709035271797209e-05,2,True,0.3596
LINC01934,DN,0.001606898132724986,1,False,-3.1547
LINC01934,DPN,0.12835158363908974,1,False,1.5206
LINC01934,DR,0.9465611032133292,1,False,-0.067
LINC01970,DN,0.3907568057593321,2,True,0.7659
LINC01970,DPN,0.003421037209118397,2,True,-2.7045
LINC01970,DR,0.011429618198827107,2,True,2.2763
LINC01993,DN,0.0025148953734197717,1,False,3.0215
LINC01993,DPN,2.4679129805737958e-05,1,False,4.2177
LINC01993,DR,0.001774424905548591,1,False,3.1256
LINC02062,DN,0.34063533583567973,2,True,-1.2686
LINC02062,DPN,0.26584453755614623,2,True,-1.5016
LINC02062,DR,1.0,2,True,-0.4218
LOXL2,DN,0.29443657091409137,1,False,1.0484
LOXL2,DPN,0.05517596930916067,1,False,1.9175
LOXL2,DR,0.0250959823082612,1,False,2.2399
LPCAT3,DN,1.4667130248834496e-09,2,True,-5.9353
LPCAT3,DPN,5.87284259015991e-15,2,True,-7.7188
LPCAT3,DR,9.041746998070015e-78,2,True,-18.6308
LPCAT4,DN,0.004669895564679277,2,True,-2.6526
LPCAT4,DPN,0.018514747874364832,2,True,-0.5594
LPCAT4,DR,1.0,2,True,0.2252
LRIG2,DN,0.037176651380229714,2,True,1.7905
LRIG2,DPN,0.11684784754899243,2,True,-1.2572
LRIG2,DR,0.022269678467478873,2,True,2.011
LRRC23,DN,0.037925310421947,2,True,1.7593
LRRC23,DPN,8.389110809537808e-05,2,True,3.6996
LRRC23,DR,0.008186033352026615,2,True,2.4434
MAB21L3,DN,7.714902362902825e-18,1,False,8.6038
MAB21L3,DPN,7.455610768895725e-06,1,False,4.4802
MAB21L3,DR,5.481922499009574e-19,1,False,8.9021
MAFG,DN,0.738552127724839,1,False,-0.3338
MAFG,DPN,0.0071706530285010625,1,False,-2.6888
MAFG,DR,0.007718468515850136,1,False,-2.6641
MAP3K10,DN,0.005388409730629456,2,True,2.2212
MAP3K10,DPN,1.0,2,True,-0.9956
MAP3K10,DR,1.0,2,True,-0.2194
MAP3K14,DN,7.13408438077117e-05,1,True,
MAP3K14,DPN,0.00015886651088545665,1,True,
MAP3K14,DR,0.6085795549953377,1,True,
MAP4,DN,0.3894517048387531,2,True,0.7853
MAP4,DPN,1.0,2,True,-0.2445
MAP4,DR,3.962684573243837e-08,2,True,5.3797
MARC1,DN,0.0,1,False,410.8701
MARC1,DPN,7.051450305888897e-07,1,False,4.9599
MARC1,DR,0.0,1,False,-129.1792
MARS,DN,0.17524319055202006,1,False,1.3555
MARS,DPN,0.10638561958229625,1,False,-1.6147
MARS,DR,0.18585157310778952,1,False,-1.323
MCM8,DN,0.11541161838136478,2,True,-1.1322
MCM8,DPN,0.008910075276131893,2,True,-2.2364
MCM8,DR,1.3394526103866937e-05,2,True,3.5503
ME2,DN,2.36012132656635e-05,2,True,4.2268
ME2,DPN,1.2350324883847016e-10,2,True,6.432
ME2,DR,0.007315671266977331,2,True,2.6799
MED17,DN,0.0245898034127494,2,True,2.145
MED17,DPN,0.173446058422048,2,True,1.2427
MED17,DR,4.442885905365507e-09,2,True,-1.8146
MED18,DN,0.009828799749508682,1,False,-2.5818
MED18,DPN,0.5408940648702085,1,False,0.6115
MED18,DR,0.0019475745632357932,1,False,3.0981
MED22,DN,0.43150548451466836,2,True,-1.1643
MED22,DPN,0.23234878686106533,2,True,-0.4259
MED22,DR,1.0,2,True,0.1566
MED28,DN,0.8352595235162167,1,False,0.208
MED28,DPN,0.873430490300617,1,False,-0.1593
MED28,DR,0.05673187564093852,1,False,1.9054
MFSD2B,DN,0.8570043250585854,1,False,0.1802
MFSD2B,DPN,0.428165756508545,1,False,0.7923
MFSD2B,DR,0.17682413788600115,1,False,1.3506
MFSD3,DN,2.407285129692805e-12,2,True,3.4266
MFSD3,DPN,0.02521928437021334,2,True,-0.7471
MFSD3,DR,0.0019083157019226648,2,True,-1.7799
MFSD5,DN,0.11724306076397309,2,True,-1.3832
MFSD5,DPN,0.059360945812817055,2,True,-1.4609
MFSD5,DR,0.07718760597844004,2,True,-1.3452
MIA3,DN,2.808368294929501e-10,2,True,4.2765
MIA3,DPN,4.840171210294892e-06,2,True,-0.9446
MIA3,DR,1.0165991656973261e-26,2,True,-10.7001
MICAL2,DN,0.06785527525240613,1,True,
MICAL2,DPN,5.057142705470263e-06,1,True,
MICAL2,DR,0.09119896239409372,1,True,
MIR3945HG,DN,0.007787953882664332,2,True,-1.9493
MIR3945HG,DPN,0.08469683536074704,2,True,1.6953
MIR3945HG,DR,1.0,2,True,0.4496
MPHOSPH9,DN,0.46259282652067424,2,True,0.4807
MPHOSPH9,DPN,0.20196509867802837,2,True,0.3809
MPHOSPH9,DR,1.0,2,True,-0.7689
MRAS,DN,7.064031307781631e-43,2,True,-13.7263
MRAS,DPN,1.6139426311005554e-98,2,True,-21.0665
MRAS,DR,2.2536813461325858e-54,2,True,-15.5277
MSANTD2,DN,1.2804756390481041e-14,2,True,-7.7077
MSANTD2,DPN,0.0007700822943520683,2,True,-2.5286
MSANTD2,DR,0.0024599460656204593,2,True,-0.6995
MSTO1,DN,0.1707902819619689,1,False,-1.3697
MSTO1,DPN,0.3039994064725276,1,False,1.0279
MSTO1,DR,0.6234426686823937,1,False,0.491
MT1E,DN,1.0,2,True,-0.7033
MT1E,DPN,2.508327645073927e-06,2,True,-4.7074
MT1E,DR,1.0,2,True,0.6324
MTDH,DN,4.9319185829866486e-06,2,True,-4.4201
MTDH,DPN,5.371991025350276e-23,2,True,-9.8047
MTDH,DR,6.747019099899552e-20,2,True,9.0563
MTG2,DN,0.09953713831158217,1,True,
MTG2,DPN,0.0010912835239099926,1,True,
MTG2,DR,0.025533559259217294,1,True,
MTHFS,DN,7.382672306018759e-20,2,True,-4.6123
MTHFS,DPN,1.0,2,True,-0.0412
MTHFS,DR,0.0008154089702827512,2,True,-3.3488
MTPAP,DN,0.18373104218602965,1,True,
MTPAP,DPN,0.030654161436095246,1,True,
MTPAP,DR,0.05520316257744408,1,True,
MTSS1,DN,6.276817517317475e-12,2,True,-2.0729
MTSS1,DPN,5.143585228956446e-51,2,True,-15.0236
MTSS1,DR,8.025121043447133e-11,2,True,6.5001
MVB12A,DN,0.2672143805398636,2,True,0.8395
MVB12A,DPN,0.230997036701673,2,True,0.4209
MVB12A,DR,1.0,2,True,-0.7951
MXD4,DN,1.0,2,True,0.5292
MXD4,DPN,2.4722432687227877e-06,2,True,-4.5467
MXD4,DR,4.023694465164828e-09,2,True,5.7727
MYCT1,DN,0.8152077627609988,1,True,
MYCT1,DPN,0.30102068192924086,1,True,
MYCT1,DR,0.6891590746341067,1,True,
MYL5,DN,9.999999999999999e-301,2,True,-3.98
MYL5,DPN,9.999999999999999e-301,2,True,4.3299
MYL5,DR,9.999999999999999e-301,2,True,-0.7248
MYO1C,DN,0.10818284391198413,1,False,-1.6064
MYO1C,DPN,0.9820040876778592,1,False,-0.0226
MYO1C,DR,0.37189043083111567,1,False,-0.8929
NAALAD2,DN,9.674550197965917e-72,2,True,-17.911
NAALAD2,DPN,1.559464868556968e-144,2,True,-25.5991
NAALAD2,DR,0.19769871359684144,2,True,1.2414
NAPEPLD,DN,2.3648984641024627e-05,1,True,
NAPEPLD,DPN,7.04449569489496e-33,1,True,
NAPEPLD,DR,0.33245986623042567,1,True,
NCOA7,DN,0.00010061780579761799,2,True,-0.0957
NCOA7,DPN,5.731672882639353e-17,2,True,-2.4627
NCOA7,DR,1.6679605074856404e-05,2,True,-2.0132
NEDD1,DN,0.2504008266874007,1,False,-1.1494
NEDD1,DPN,0.18024061750225104,1,False,1.34
NEDD1,DR,0.25304230146392553,1,False,-1.143
NEK1,DN,1.3628072837027207e-06,2,True,1.1831
NEK1,DPN,2.5679005336491683e-06,2,True,4.7026
NEK1,DR,0.012121485700004965,2,True,2.5935
NFIX,DN,4.352651016955836e-44,2,True,13.8772
NFIX,DPN,6.08726886127931e-45,2,True,14.0176
NFIX,DR,8.078023438183104e-134,2,True,24.59
NFYB,DN,0.004655723626910979,2,True,2.6005
NFYB,DPN,1.3136318146915721e-14,2,True,-7.6155
NFYB,DR,1.0,2,True,0.3548
NIPAL2,DN,0.026103728690282667,2,True,2.2023
NIPAL2,DPN,0.014462455659134609,2,True,2.4458
NIPAL2,DR,8.239947742817442e-08,2,True,-5.3618
NOTCH3,DN,4.313911400573558e-31,1,False,-11.5961
NOTCH3,DPN,0.4239160041837652,1,False,-0.7996
NOTCH3,DR,1.8404391285912106e-07,1,False,5.2148
NOTCH4,DN,4.3627909235081526e-82,1,False,-19.1915
NOTCH4,DPN,3.989519868954162e-19,1,False,-8.9373
NOTCH4,DR,2.4232684695287216e-88,1,False,-19.926
NPAT,DN,0.10806668786656186,1,False,1.6069
NPAT,DPN,0.944077077564429,1,False,-0.0701
NPAT,DR,0.11169480349314548,1,False,1.5906
NR1D2,DN,1.2829495743230533e-37,1,False,-12.819
NR1D2,DPN,0.14026101606020877,1,False,1.4748
NR1D2,DR,0.2557467805383496,1,False,-1.1365
NRBP2,DN,0.949315525827338,1,True,
NRBP2,DPN,0.1839865632899256,1,True,
NRBP2,DR,0.20760470275709766,1,True,
NSMCE1,DN,0.0027624353399885383,2,True,-2.9932
NSMCE1,DPN,0.2781029625465111,2,True,1.1608
NSMCE1,DR,8.281799754358554e-16,2,True,-8.05
NSUN5,DN,7.727570696392652e-27,2,True,4.5866
NSUN5,DPN,5.897620384558348e-05,2,True,1.8526
NSUN5,DR,0.01736746524208927,2,True,2.372
NUBPL,DN,0.21631942148740707,1,True,
NUBPL,DPN,8.178143331521638e-18,1,True,
NUBPL,DR,0.32494981846124193,1,True,
NUDT14,DN,1.0,2,True,-0.4874
NUDT14,DPN,0.05805075979938414,2,True,1.7277
NUDT14,DR,1.0,2,True,-0.998
NUP107,DN,0.00030254520636208165,2,True,3.5009
NUP107,DPN,1.0,2,True,-0.4331
NUP107,DR,1.3330038153356108e-05,2,True,4.3546
OAF,DN,6.099248967225237e-05,2,True,-3.9939
OAF,DPN,0.38138774915742996,2,True,1.0482
OAF,DR,1.6087176866503724e-07,2,True,-5.2397
ODF2L,DN,0.0008476000904969857,2,True,3.3366
ODF2L,DPN,0.00048428258518440223,2,True,3.4856
ODF2L,DR,0.002479123125115673,2,True,3.0191
OIP5,DN,1.0,2,True,0.6012
OIP5,DPN,0.00011048986595014177,2,True,3.7422
OIP5,DR,0.006402364895824107,2,True,2.5682
OLA1,DN,0.003715480666774317,2,True,-2.6769
OLA1,DPN,2.5331043195086297e-08,2,True,5.449
OLA1,DR,0.003792194779051417,2,True,-2.6701
OLFM1,DN,1.0,2,True,0.1057
OLFM1,DPN,0.0952388265394716,2,True,-0.8173
OLFM1,DR,0.029554391767500986,2,True,-2.1774
OR2W3,DN,9.999999999999999e-301,2,True,-82.6172
OR2W3,DPN,9.999999999999999e-301,2,True,60.9521
OR2W3,DR,9.999999999999999e-301,2,True,-48.119
OSBPL6,DN,9.555135004114287e-10,2,True,-6.1167
OSBPL6,DPN,6.03742829012211e-98,2,True,-1.0963
OSBPL6,DR,9.999999999999999e-301,2,True,2.9101
OTUB1,DN,4.553388119483429e-15,2,True,-0.1742
OTUB1,DPN,1.5875715396857557e-05,2,True,1.1728
OTUB1,DR,0.00048381724900323827,2,True,1.9012
OXT,DN,1.0,2,True,0.2217
OXT,DPN,0.0862669049701201,2,True,0.9255
OXT,DR,1.0,2,True,-1.219
PAK2,DN,0.22396077187642732,1,False,1.2161
PAK2,DPN,0.0012498364766461052,1,False,3.2273
PAK2,DR,0.026812500726429593,1,False,2.2142
PCDH1,DN,1.098020145940514e-07,2,True,0.1289
PCDH1,DPN,0.12389660844764822,2,True,0.7608
PCDH1,DR,1.0,2,True,-1.2465
PCNT,DN,0.6305776556946718,1,False,0.4809
PCNT,DPN,0.6374935470532225,1,False,0.4712
PCNT,DR,0.2056523171940187,1,False,1.2656
PCP4L1,DN,0.48334059510834537,2,True,0.4199
PCP4L1,DPN,4.751586492111134e-05,2,True,4.0674
PCP4L1,DR,9.088320540079921e-12,2,True,3.4857
PDAP1,DN,6.974375156833718e-06,2,True,-4.4945
PDAP1,DPN,1.490344902273037e-09,2,True,-3.8862
PDAP1,DR,4.013997258738256e-24,2,True,-10.1313
PDCD2,DN,3.2588474326245016e-05,2,True,-4.1546
PDCD2,DPN,2.025264878407837e-63,2,True,16.8111
PDCD2,DR,7.211544270109691e-70,2,True,17.6694
PEX11A,DN,0.026948390900264903,2,True,-1.9307
PEX11A,DPN,1.3862474299926505e-05,2,True,4.1914
PEX11A,DR,2.0192125968339636e-08,2,True,-5.4892
PGM1,DN,0.1014415754651347,1,False,-1.6379
PGM1,DPN,0.6753700984954205,1,False,-0.4188
PGM1,DR,0.23822822677740751,1,False,1.1794
PHC1,DN,5.394985453402622e-22,2,True,2.3005
PHC1,DPN,9.999999999999999e-301,2,True,-2.955
PHC1,DR,9.999999999999999e-301,2,True,-0.4434
PHYKPL,DN,2.6382156999607373e-257,2,True,34.2647
PHYKPL,DPN,3.0610874889174303e-160,2,True,26.9731
PHYKPL,DR,2.594061043369514e-18,2,True,8.7279
PIGP,DN,0.07095120972368912,1,True,
PIGP,DPN,0.6159506575000666,1,True,
PIGP,DR,0.01478518808753516,1,True,
PIGU,DN,0.006226338387016855,2,True,-2.7382
PIGU,DPN,1.0,2,True,-0.1127
PIGU,DR,0.4954880698195562,2,True,0.4706
PIGW,DN,5.731081392064086e-10,1,True,
PIGW,DPN,0.8790685292650477,1,True,
PIGW,DR,1.0367402353278759e-45,1,True,
PIK3R4,DN,0.0023869772879293776,2,True,3.0336
PIK3R4,DPN,1.8955991388297682e-05,2,True,1.5939
PIK3R4,DR,2.0485722315045007e-05,2,True,-0.4326
PIKFYVE,DN,0.00016562771556269032,1,True,
PIKFYVE,DPN,2.701368379716335e-14,1,True,
PIKFYVE,DR,0.683683467445946,1,True,
PIP5K1A,DN,1.4551359788484629e-06,2,True,4.8173
PIP5K1A,DPN,6.233548632579402e-15,2,True,-7.7991
PIP5K1A,DR,2.7386001420353265e-47,2,True,-14.4439
PIP5K1C,DN,0.13616539230508767,1,False,-1.4902
PIP5K1C,DPN,0.0011778591715943516,1,False,3.2442
PIP5K1C,DR,0.001173429052074841,1,False,3.2453
PKIG,DN,7.770412318619258e-72,2,True,17.8846
PKIG,DPN,7.275658501911948e-14,2,True,-7.3912
PKIG,DR,1.0,2,True,-0.4311
PLCD1,DN,3.9207209165214724e-20,2,True,9.1902
PLCD1,DPN,0.0039971662511122654,2,True,-1.0657
PLCD1,DR,4.979424951322573e-12,2,True,2.9484
PLEKHD1,DN,0.00042974667156415764,2,True,3.3329
PLEKHD1,DPN,0.000145178263152951,2,True,3.6238
PLEKHD1,DR,0.2586512205489459,2,True,0.9168
PLLP,DN,7.737004446478193e-08,2,True,-5.3732
PLLP,DPN,0.001400161456123788,2,True,-3.1914
PLLP,DR,5.092829950701929e-05,2,True,4.0063
PLOD3,DN,0.44952509983256483,1,False,-0.7562
PLOD3,DPN,0.060469343420087966,1,False,-1.8774
PLOD3,DR,0.001200993794509791,1,False,-3.2386
POU2F1,DN,0.40139106318033807,1,False,-0.8391
POU2F1,DPN,0.002562740938848046,1,False,-3.0158
POU2F1,DR,0.8000842208259867,1,False,-0.2532
POU6F1,DN,0.0637852287195496,2,True,-1.399
POU6F1,DPN,0.0006078464985415793,2,True,-3.4262
POU6F1,DR,1.604286789427505e-05,2,True,2.6198
PP2D1,DN,0.10837881147918166,2,True,1.5679
PP2D1,DPN,0.0009727675426789496,2,True,3.2884
PP2D1,DR,0.007531699010341454,2,True,2.6467
PPAN,DN,0.14115344911837466,2,True,-0.7628
PPAN,DPN,7.324266097240254e-09,2,True,-5.7833
PPAN,DR,6.14483740606523e-05,2,True,1.5168
PPTC7,DN,5.55771195371666e-31,1,True,
PPTC7,DPN,0.2821389387506973,1,True,
PPTC7,DR,1.2557304900567933e-22,1,True,
PPWD1,DN,0.00014330325800294646,2,True,2.9571
PPWD1,DPN,0.004052857039767017,2,True,2.8782
PPWD1,DR,0.021904993352515403,2,True,-2.2217
PRCP,DN,0.023975141900388405,1,False,2.2575
PRCP,DPN,0.6893826373595353,1,False,-0.3997
PRCP,DR,0.8428261819287545,1,False,-0.1983
PRKACA,DN,2.912130874260185e-31,2,True,2.4288
PRKACA,DPN,0.3081544549454821,2,True,0.7354
PRKACA,DR,9.297050336116002e-28,2,True,-0.6793
PRKAR2B,DN,3.0242261079617546e-26,2,True,2.5131
PRKAR2B,DPN,0.0008268153272168337,2,True,-3.1776
PRKAR2B,DR,0.004784930929731432,2,True,1.4326
PRKCZ,DN,0.013426035693870492,2,True,-2.465
PRKCZ,DPN,0.16103615147156825,2,True,-0.9906
PRKCZ,DR,0.002160028358967505,2,True,-2.4451
PROK2,DN,1.2966652629857695e-11,1,False,-6.769
PROK2,DPN,0.03708874705157329,1,False,-2.0848
PROK2,DR,0.696388952515314,1,False,-0.3902
PRSS53,DN,0.0001620568838592122,2,True,3.4742
PRSS53,DPN,0.19792786771539247,2,True,0.9995
PRSS53,DR,7.887317513851947e-05,2,True,3.6802
PSEN1,DN,0.007203345565713432,2,True,0.6996
PSEN1,DPN,1.4645658096811827e-08,2,True,-3.8968
PSEN1,DR,6.093186084882109e-12,2,True,-6.8774
PSMB7,DN,2.187285947600299e-15,2,True,-7.9302
PSMB7,DPN,0.052734839558098476,2,True,2.1699
PSMB7,DR,2.1575563373644704e-06,2,True,-4.7381
PSMD4,DN,0.0001483442943648916,2,True,-3.7912
PSMD4,DPN,0.03485676501428421,2,True,-2.0747
PSMD4,DR,0.2539466809917523,2,True,-1.1774
PTBP3,DN,0.02257822921171847,2,True,-2.0933
PTBP3,DPN,1.8831955248442617e-08,2,True,5.6223
PTBP3,DR,0.4003633032794377,2,True,-0.9064
PTGDR,DN,0.0019787132945647806,2,True,-1.8049
PTGDR,DPN,6.314921376541573e-05,2,True,4.0007
PTGDR,DR,1.0,2,True,-0.3776
PTGR1,DN,2.498562670420433e-05,2,True,4.2149
PTGR1,DPN,0.08344182670761394,2,True,-1.5783
PTGR1,DR,1.0,2,True,1.0209
PTH1R,DN,1.059020494944067e-13,1,False,-7.4333
PTH1R,DPN,2.0145504412217755e-05,1,False,4.2633
PTH1R,DR,1.3654477147890013e-20,1,False,-9.303
PVRIG,DN,1.1409152990364617e-06,2,True,-4.2902
PVRIG,DPN,0.03958317857102259,2,True,-1.5974
PVRIG,DR,0.0005290837365522124,2,True,-3.114
RAB17,DN,0.0014939440437017257,2,True,-2.4882
RAB17,DPN,0.0003773691069356226,2,True,-3.5141
RAB17,DR,0.1365860664284764,2,True,-0.8935
RAB19,DN,0.07986697703514818,1,False,-1.7515
RAB19,DPN,0.3913547101128078,1,False,0.8572
RAB19,DR,0.0006488187600224217,1,False,3.4103
RAB5B,DN,0.0003026943092236829,2,True,3.4292
RAB5B,DPN,0.45442677902820455,2,True,-0.711
RAB5B,DR,5.230668848386423e-33,2,True,11.9103
RACK1,DN,0.00023716845370755954,2,True,-3.2056
RACK1,DPN,2.0623261233137182e-07,2,True,-5.1936
RACK1,DR,0.05015437003013671,2,True,-1.2941
RANBP2,DN,1.3876816550087833e-31,2,True,3.9898
RANBP2,DPN,0.11121848383896507,2,True,-0.1642
RANBP2,DR,0.002039896888394191,2,True,1.3739
RARB,DN,9.093069757238306e-06,2,True,-3.6359
RARB,DPN,2.369411538014702e-19,2,True,1.0686
RARB,DR,5.79323314220451e-08,2,True,-3.4172
RBFA,DN,0.20405600970655868,2,True,-0.9656
RBFA,DPN,0.05313767100392122,2,True,-0.6967
RBFA,DR,0.02080964307617181,2,True,1.7795
RBM42,DN,3.0740258516202855e-78,1,True,
RBM42,DPN,8.098430776862386e-35,1,True,
RBM42,DR,2.5276754893208537e-130,1,True,
RCL1,DN,0.5064942862752753,1,False,0.6643
RCL1,DPN,0.4568224172722408,1,False,0.7441
RCL1,DR,0.00010079025446497419,1,False,3.8887
REEP3,DN,0.036513289770783636,2,True,-1.5493
REEP3,DPN,0.009715895959516118,2,True,1.7255
REEP3,DR,1.7919047356968993e-09,2,True,-0.2269
RFPL2,DN,0.6618156724652783,1,False,-0.4374
RFPL2,DPN,0.6055289857544499,1,False,-0.5165
RFPL2,DR,6.185839062689753e-14,1,False,-7.5041
RGS3,DN,9.442780558032984e-19,1,False,8.8415
RGS3,DPN,0.000460131110055949,1,False,3.503
RGS3,DR,0.00035742418189500515,1,False,-3.5697
RHBDF1,DN,4.6322396453948973e-119,2,True,23.1993
RHBDF1,DPN,7.197957211909205e-05,2,True,-0.6374
RHBDF1,DR,3.364515868582499e-33,2,True,12.0045
RHNO1,DN,1.5769083241233485e-07,2,True,-5.2433
RHNO1,DPN,0.06761939331421057,2,True,-1.4411
RHNO1,DR,1.3658015278355298e-07,2,True,-5.2698
RMND1,DN,0.009493506647568706,1,False,2.5938
RMND1,DPN,0.0003808637397370878,1,False,3.553
RMND1,DR,0.836446378426382,1,False,-0.2064
RNASEK,DN,1.3019731650422025e-86,2,True,-14.1861
RNASEK,DPN,3.973467714705789e-36,2,True,-9.9177
RNASEK,DR,9.400500249702775e-09,2,True,-5.7412
RNF115,DN,0.017605872002359163,1,True,
RNF115,DPN,0.6306629705177773,1,True,
RNF115,DR,0.0006058589771989891,1,True,
RNF122,DN,0.6854826414706121,1,True,
RNF122,DPN,0.19567112370549886,1,True,
RNF122,DR,0.17074798243226352,1,True,
RNF146,DN,6.051407789744637e-08,2,True,5.3555
RNF146,DPN,1.0,2,True,0.0048
RNF146,DR,0.03135490232347621,2,True,1.9587
RNF25,DN,7.955347863036581e-05,2,True,3.7764
RNF25,DPN,2.7805248415858075e-41,2,True,13.4062
RNF25,DR,7.292008832534905e-75,2,True,18.2691
RNF44,DN,2.0748820122807251e-07,2,True,-2.65
RNF44,DPN,5.584537212594645e-31,2,True,-0.8839
RNF44,DR,3.1291913599080823e-22,2,True,-9.6962
ROCK2,DN,0.021380307308578716,2,True,2.1533
ROCK2,DPN,0.09441218628055079,2,True,0.534
ROCK2,DR,0.0002463235783416826,2,True,3.1982
RP11-110I1.14,DN,0.0045984813577274585,2,True,-2.837
RP11-110I1.14,DPN,0.37616753857606633,2,True,-0.47
RP11-110I1.14,DR,2.0856208371340617e-12,2,True,2.7204
RP11-121M22.1,DN,0.06004617835520786,1,True,
RP11-121M22.1,DPN,0.08325416106537856,1,True,
RP11-121M22.1,DR,0.3043382333634359,1,True,
RP11-182L21.6,DN,0.025253146868484688,2,True,-1.8004
RP11-182L21.6,DPN,0.005526619064936849,2,True,2.7702
RP11-182L21.6,DR,0.020583937727484812,2,True,-2.1531
RP11-286N22.8,DN,7.444822037664792e-15,2,True,7.7765
RP11-286N22.8,DPN,0.024002010909079337,2,True,-2.1747
RP11-286N22.8,DR,2.53880831069194e-13,2,True,-7.3166
RP11-370I10.12,DN,1.9461874258692831e-25,2,True,-1.8086
RP11-370I10.12,DPN,0.007033993761799277,2,True,2.421
RP11-370I10.12,DR,0.1099803653995533,2,True,-0.0271
RP11-441O15.3,DN,1.0811950553896928e-09,2,True,5.9624
RP11-441O15.3,DPN,0.21897492352429282,2,True,-1.2744
RP11-441O15.3,DR,1.0,2,True,0.0178
RP11-455O6.9,DN,1.0,2,True,0.0
RP11-455O6.9,DPN,1.0,2,True,0.0
RP11-455O6.9,DR,1.0,2,True,0.0
RP11-47L3.1,DN,0.25722167207174934,1,False,1.133
RP11-47L3.1,DPN,0.6832965190666376,1,False,0.408
RP11-47L3.1,DR,0.6593096931354037,1,False,-0.4409
RP11-506M13.3,DN,0.01227073421298868,2,True,1.1298
RP11-506M13.3,DPN,1.0,2,True,0.4831
RP11-506M13.3,DR,0.0001824305116015244,2,True,1.6788
RP11-517P14.2,DN,0.0005603315808824194,1,True,
RP11-517P14.2,DPN,0.26323839153623363,1,True,
RP11-517P14.2,DR,0.012754940873293666,1,True,
RP11-53O19.3,DN,0.05280928591264942,2,True,1.4801
RP11-53O19.3,DPN,0.005178491508423579,2,True,-2.6001
RP11-53O19.3,DR,0.23498258256437157,2,True,0.9343
RP11-676J12.4,DN,0.21771821820475534,2,True,-1.0779
RP11-676J12.4,DPN,1.0,2,True,-0.0491
RP11-676J12.4,DR,0.03416243984155127,2,True,2.2949
RP11-722E23.2,DN,1.0,2,True,0.496
RP11-722E23.2,DPN,0.01796058319741108,2,True,1.7785
RP11-722E23.2,DR,0.21750727809289813,2,True,0.8809
RP11-791G15.2,DN,1.0,2,True,0.77
RP11-791G15.2,DPN,1.0,2,True,-0.3433
RP11-791G15.2,DR,0.07803607364745509,2,True,1.7744
RP11-849H4.2,DN,0.0008640511503646684,2,True,-3.3081
RP11-849H4.2,DPN,5.861693591277182e-34,2,True,12.1482
RP11-849H4.2,DR,2.0975349312498967e-73,2,True,18.123
RP11-973H7.1,DN,0.004729687635214438,1,False,2.8249
RP11-973H7.1,DPN,0.00013973891834401486,1,False,3.8086
RP11-973H7.1,DR,0.06573463214810658,1,False,1.8402
RP3-460G2.2,DN,0.00338787904502476,2,True,-2.791
RP3-460G2.2,DPN,1.0,2,True,-0.2861
RP3-460G2.2,DR,0.012699112328145622,2,True,-2.1805
RP3-467K16.4,DN,0.0,1,False,-647.0398
RP3-467K16.4,DPN,0.0,1,False,-133.8478
RP3-467K16.4,DR,0.0,1,False,236.8387
RP4-761J14.10,DN,0.0015143349192181684,2,True,3.1433
RP4-761J14.10,DPN,0.0007355850596618078,2,True,0.379
RP4-761J14.10,DR,0.13155441378449184,2,True,1.4358
RPGRIP1,DN,0.014288307347088684,2,True,2.454
RPGRIP1,DPN,0.0648508811898573,2,True,1.5343
RPGRIP1,DR,9.456916645997579e-201,2,True,-2.8314
RRN3,DN,0.7129082534069395,1,False,-0.368
RRN3,DPN,0.7297052511586117,1,False,-0.3455
RRN3,DR,0.37167085974774744,1,False,-0.8933
RRP12,DN,4.262533320664106e-13,2,True,2.6565
RRP12,DPN,1.93404744408194e-51,2,True,-0.4485
RRP12,DR,4.40517732959233e-09,2,True,0.6394
RRP1B,DN,0.9606678890892595,1,False,-0.0493
RRP1B,DPN,0.34670969475100966,1,False,-0.941
RRP1B,DR,0.2196459387977264,1,False,-1.2275
RRP8,DN,2.349783428643219e-10,2,True,6.3365
RRP8,DPN,2.471846125523493e-14,2,True,-7.6233
RRP8,DR,0.00482303336178017,2,True,-2.7303
RSPH4A,DN,0.00938921463768628,2,True,2.3502
RSPH4A,DPN,0.00014128470237843865,2,True,-3.6308
RSPH4A,DR,2.7067215560467048e-09,2,True,5.8339
RTP5,DN,0.1763859678243493,2,True,-1.0721
RTP5,DPN,0.0017775076168685773,2,True,-2.9152
RTP5,DR,4.02916326638889e-05,2,True,3.9427
RUVBL1,DN,1.3675045145104173e-06,2,True,-4.8297
RUVBL1,DPN,1.2259994420865104e-21,2,True,-0.6082
RUVBL1,DR,0.039819307866504554,2,True,-0.7346
S100A4,DN,0.0031277203086573094,2,True,2.9453
S100A4,DPN,2.641457709070329e-07,2,True,-3.8823
S100A4,DR,2.2985878514914843e-21,2,True,0.2553
SAFB,DN,0.1906882941603708,1,False,-1.3085
SAFB,DPN,0.03224043062685053,1,False,2.1414
SAFB,DR,0.0027804975406775898,1,False,-2.991
SAFB2,DN,1.3913550277944459e-22,2,True,-9.7082
SAFB2,DPN,1.8163880931677696e-22,2,True,-9.681
SAFB2,DR,1.5524992671854434e-125,2,True,-23.8031
SAMD12,DN,3.4123276588384765e-17,2,True,-4.9457
SAMD12,DPN,5.836012740658314e-11,2,True,0.1783
SAMD12,DR,2.0390701727083723e-23,2,True,-6.9705
SAMHD1,DN,4.823537112318213e-07,2,True,0.4932
SAMHD1,DPN,0.015722158648486525,2,True,2.2985
SAMHD1,DR,2.317409406581258e-05,2,True,1.1414
SAP25,DN,1.5165169256042745e-35,2,True,-12.4435
SAP25,DPN,3.720099102349247e-79,2,True,-18.8375
SAP25,DR,5.36986105910038e-154,2,True,-26.4354
SCAF11,DN,1.0,2,True,0.0168
SCAF11,DPN,0.00025230067037150414,2,True,3.4783
SCAF11,DR,0.04965450724870329,2,True,1.6596
SCIMP,DN,1.0,2,True,-2.3843
SCIMP,DPN,0.14578546818674895,2,True,-1.3288
SCIMP,DR,0.048141920751815045,2,True,-1.99
SCN4A,DN,1.7995053486901524e-61,2,True,16.5012
SCN4A,DPN,1.0,2,True,0.3084
SCN4A,DR,1.0,2,True,0.1586
SCN8A,DN,0.04672955915990903,2,True,-1.685
SCN8A,DPN,1.0,2,True,-0.3367
SCN8A,DR,0.01741274930355341,2,True,-2.3613
SCUBE3,DN,0.00020696853782475798,2,True,3.531
SCUBE3,DPN,0.00127516603872505,2,True,3.0173
SCUBE3,DR,0.0019857848148179093,2,True,2.8804
SCYL2,DN,9.679068467174034e-17,2,True,1.4918
SCYL2,DPN,1.2428925867349815e-126,2,True,4.0167
SCYL2,DR,6.254008297413459e-26,2,True,1.5652
SDCCAG3,DN,1.5797113801980173e-08,2,True,5.6526
SDCCAG3,DPN,1.5121219764189046e-06,2,True,4.3969
SDCCAG3,DR,2.630887008376327e-13,2,True,7.3121
SEC14L4,DN,0.31341357518154295,2,True,1.1197
SEC14L4,DPN,2.1031299904636836e-05,2,True,-1.1751
SEC14L4,DR,0.2982750304979311,2,True,-0.7075
SEC16A,DN,1.9328225005644166e-08,1,True,
SEC16A,DPN,0.5695657326552273,1,True,
SEC16A,DR,1.3362891227075243e-08,1,True,
SEC24D,DN,1.1948042135283696e-20,2,True,-4.4454
SEC24D,DPN,1.793699246727585e-13,2,True,7.3633
SEC24D,DR,4.91529151007465e-16,2,True,8.1135
SELP,DN,1.0,2,True,-1.3036
SELP,DPN,1.0,2,True,-1.4405
SELP,DR,0.19308448871975312,2,True,1.4137
SEPT10,DN,0.00032090690882983786,2,True,0.2295
SEPT10,DPN,1.9791096379445264e-06,2,True,1.2789
SEPT10,DR,0.00037940553853082766,2,True,1.2527
SERPINH1,DN,3.731835060004475e-71,1,True,
SERPINH1,DPN,1.3526355603774578e-20,1,True,
SERPINH1,DR,9.642305819362598e-48,1,True,
SETMAR,DN,2.5856586644845184e-34,2,True,-12.215
SETMAR,DPN,1.7371158176938595e-211,2,True,31.0365
SETMAR,DR,9.569289964656836e-06,2,True,-4.4257
SF1,DN,0.019769723278563887,2,True,-2.0601
SF1,DPN,0.0012805592006497673,2,True,-3.016
SF1,DR,0.07777248034577276,2,True,-1.4494
SFXN1,DN,5.521196299351403e-06,2,True,-0.3609
SFXN1,DPN,1.4907173329904432e-06,2,True,0.3981
SFXN1,DR,0.0034751873138527136,2,True,-2.2662
SGCA,DN,3.0193054980399794e-05,1,True,
SGCA,DPN,0.0015834577113974413,1,True,
SGCA,DR,0.3900982262699823,1,True,
SGF29,DN,2.662271720129983e-12,2,True,1.6948
SGF29,DPN,1.0719275435428467e-32,2,True,-0.2713
SGF29,DR,1.7662420657900201e-12,2,True,-0.4113
SH2B3,DN,0.02696365073617023,1,False,2.212
SH2B3,DPN,0.9718832171554668,1,False,0.0352
SH2B3,DR,2.4353605637180876e-08,1,False,5.5778
SH2D1B,DN,0.005106232414215837,2,True,-1.1741
SH2D1B,DPN,0.05175145959059879,2,True,-1.9072
SH2D1B,DR,0.007854424865226995,2,True,-2.3962
SH3YL1,DN,0.12122720934646125,2,True,1.5145
SH3YL1,DPN,0.15129915934447682,2,True,-1.2191
SH3YL1,DR,0.3281407651200207,2,True,0.4291
SHARPIN,DN,0.00022335175283319205,2,True,-3.5108
SHARPIN,DPN,0.003602433926325572,2,True,-2.6873
SHARPIN,DR,4.470589067241517e-22,2,True,9.5885
SIGLEC1,DN,1.4019741071178599e-05,1,False,-4.3436
SIGLEC1,DPN,0.7010969329710135,1,False,0.3838
SIGLEC1,DR,0.19264554034027895,1,False,1.3028
SIGLEC12,DN,0.12298588552925856,2,True,1.3003
SIGLEC12,DPN,1.953157136838645e-05,2,True,1.5643
SIGLEC12,DR,0.2104581663063895,2,True,-1.2736
SIGLEC5,DN,8.033322697567897e-52,2,True,-15.1462
SIGLEC5,DPN,2.0527955654651543e-46,2,True,-14.3044
SIGLEC5,DR,6.8270946433942726e-12,2,True,-6.8612
SIPA1L2,DN,0.00693438235363401,2,True,-2.6724
SIPA1L2,DPN,0.16855302701442104,2,True,1.6315
SIPA1L2,DR,0.11394853944245917,2,True,-1.3218
SIT1,DN,0.0007453035690997116,2,True,3.1765
SIT1,DPN,4.475668402993804e-11,2,True,6.4837
SIT1,DR,0.0029904435280344597,2,True,-2.7489
SKAP1,DN,1.1428355801514409e-07,2,True,3.8965
SKAP1,DPN,0.016198801191605567,2,True,0.7511
SKAP1,DR,0.003520401359343513,2,True,0.2643
SLA,DN,1.1976079783826274e-43,2,True,4.339
SLA,DPN,1.4971861857194884e-39,2,True,7.0997
SLA,DR,6.982415828156995e-36,2,True,5.4675
SLN,DN,0.006520503871789445,2,True,-2.2944
SLN,DPN,1.0,2,True,-1.0531
SLN,DR,1.2586619139827893e-20,2,True,-9.3116
SMIM20,DN,0.11115718886400362,1,False,-1.593
SMIM20,DPN,0.12322868228766659,1,False,-1.5414
SMIM20,DR,0.870062380411108,1,False,-0.1636
SMKR1,DN,1.3167966698040508e-52,2,True,-10.8975
SMKR1,DPN,1.1080734695609978e-10,2,True,-4.5449
SMKR1,DR,1.2247712987647005e-07,2,True,-3.7423
SMNDC1,DN,1.0,2,True,-0.0856
SMNDC1,DPN,0.402512629250572,2,True,-0.7553
SMNDC1,DR,0.4080566275900568,2,True,0.7503
SMO,DN,1.3165256239021834e-20,1,True,
SMO,DPN,5.053268429361994e-21,1,True,
SMO,DR,0.09765882821632378,1,True,
SMYD5,DN,2.5877048923175766e-06,2,True,4.7005
SMYD5,DPN,1.0,2,True,-0.1379
SMYD5,DR,0.0015503017551213186,2,True,3.0081
SNAPC3,DN,6.171550020852986e-08,2,True,5.4138
SNAPC3,DPN,0.03612115419458033,2,True,1.9485
SNAPC3,DR,4.741789416549783e-06,2,True,4.5759
SQLE,DN,1.6702666505601244e-07,2,True,5.2327
SQLE,DPN,0.0010132188501377174,2,True,3.2948
SQLE,DR,1.8972068784165176e-10,2,True,6.3694
SRSF3,DN,0.0004879996871566809,2,True,1.9235
SRSF3,DPN,1.4056896937911906e-10,2,True,-2.7278
SRSF3,DR,1.0,2,True,-0.3021
SSR2,DN,7.30904528264608e-05,1,True,
SSR2,DPN,2.380869327707327e-22,1,True,
SSR2,DR,4.3618399733480845e-34,1,True,
ST6GALNAC6,DN,0.007310652513836767,2,True,2.6725
ST6GALNAC6,DPN,2.8783627987659245e-15,2,True,-4.019
ST6GALNAC6,DR,1.0,2,True,1.3752
ST7L,DN,0.09040955935066586,2,True,1.3711
ST7L,DPN,0.20676464779713,2,True,1.043
ST7L,DR,1.0,2,True,-0.351
STARD4,DN,8.94105256716564e-17,2,True,-0.2936
STARD4,DPN,7.907793641069965e-09,2,True,-2.9611
STARD4,DR,1.0,2,True,0.8137
STAT5B,DN,3.877361108322805e-30,2,True,-4.7749
STAT5B,DPN,3.152105689703791e-17,2,True,-3.4879
STAT5B,DR,5.289581986441004e-231,2,True,-6.4844
STK25,DN,8.728940511646217e-100,2,True,-21.2042
STK25,DPN,1.0929954179016731e-39,2,True,13.1834
STK25,DR,1.5108730230020741e-89,2,True,20.0644
STOML1,DN,1.0,2,True,0.2022
STOML1,DPN,0.11820868029290751,2,True,1.386
STOML1,DR,0.0694745461212269,2,True,-1.8259
STOX1,DN,0.14131930917793134,2,True,1.4316
STOX1,DPN,0.011792015606746399,2,True,-2.4659
STOX1,DR,6.042720773861145e-07,2,True,3.0475
SYNGR1,DN,0.014582728322888084,2,True,2.4479
SYNGR1,DPN,0.139739114008277,2,True,0.9445
SYNGR1,DR,1.0651031990451542e-09,2,True,6.0993
SYPL2,DN,0.002620961211408743,1,True,
SYPL2,DPN,0.00019988791914472135,1,True,
SYPL2,DR,2.4582851055492276e-08,1,True,
SYT1,DN,1.0,2,True,-0.8818
SYT1,DPN,1.0,2,True,-0.0062
SYT1,DR,0.001554420286113458,2,True,3.0292
SYTL2,DN,4.5362423799910304e-14,2,True,-3.6847
SYTL2,DPN,7.839219693989211e-08,2,True,4.2484
SYTL2,DR,0.009359095895438986,2,True,2.1509
TAGLN2,DN,0.13151768898506716,2,True,1.4682
TAGLN2,DPN,0.024612058405916733,2,True,-2.2288
TAGLN2,DR,9.87081272165938e-05,2,True,0.6866
TARM1,DN,0.021204446059195078,1,False,2.3043
TARM1,DPN,0.7266705143564762,1,False,-0.3496
TARM1,DR,0.0035416475256654007,1,False,2.9163
TBC1D14,DN,0.06636513037630479,1,False,-1.8359
TBC1D14,DPN,0.02137950189773625,1,False,2.3012
TBC1D14,DR,0.011693247451147942,1,False,-2.5213
TBC1D32,DN,9.999999999999999e-301,2,True,-55.6737
TBC1D32,DPN,1.1968963225372716e-220,2,True,31.7082
TBC1D32,DR,1.677830383332369e-20,2,True,9.2811
TBC1D9,DN,0.0025878622143773655,2,True,2.7419
TBC1D9,DPN,1.0,2,True,0.5129
TBC1D9,DR,0.155520670148522,2,True,-1.1215
TBCC,DN,0.004512620009480213,2,True,2.6112
TBCC,DPN,2.2367864442154264e-08,2,True,5.4711
TBCC,DR,2.7924118683856883e-24,2,True,-10.0989
TCN1,DN,1.8220324993146062e-210,1,False,30.9607
TCN1,DPN,4.942985486260287e-32,1,False,11.7801
TCN1,DR,2.950765002316874e-10,1,False,6.3013
TCOF1,DN,1.0,2,True,0.0517
TCOF1,DPN,0.3726833324014992,2,True,-1.2829
TCOF1,DR,1.0,2,True,1.9517
TCTEX1D4,DN,0.00366091325582453,1,False,2.906
TCTEX1D4,DPN,1.6390506227447695e-06,1,False,-4.7935
TCTEX1D4,DR,0.013768557416668355,1,False,2.4632
TDRD3,DN,0.013373138666916324,2,True,0.9391
TDRD3,DPN,4.6795271903750274e-17,2,True,1.8354
TDRD3,DR,1.0,2,True,0.1477
TFF3,DN,6.202194062019651e-28,2,True,0.4477
TFF3,DPN,0.036652465701624524,2,True,0.0385
TFF3,DR,0.00020862245780335073,2,True,-0.3387
TIGD1,DN,0.0847899442509909,2,True,-0.6587
TIGD1,DPN,0.0005670259458726628,2,True,3.1596
TIGD1,DR,0.017916530076107662,2,True,-0.8181
TIRAP,DN,0.015633184975931844,2,True,2.4223
TIRAP,DPN,0.0029470067107114366,2,True,2.9532
TIRAP,DR,0.007145059990641338,2,True,-1.6737
TJAP1,DN,9.42285773301672e-08,2,True,5.2104
TJAP1,DPN,8.367553969582118e-29,2,True,11.0742
TJAP1,DR,0.003091911984772295,2,True,2.7379
TLE2,DN,0.18738429056053563,2,True,1.4638
TLE2,DPN,0.16096963215861634,2,True,1.6535
TLE2,DR,0.000740399630444109,2,True,3.374
TM2D1,DN,5.182780179874294e-07,2,True,5.0194
TM2D1,DPN,4.172301779165662e-27,2,True,-10.7823
TM2D1,DR,6.058478451235409e-212,2,True,-31.0704
TM7SF2,DN,3.818196042120842e-06,2,True,-1.5276
TM7SF2,DPN,1.0,2,True,0.6557
TM7SF2,DR,1.0,2,True,-1.0019
TMED6,DN,0.38402335799029,2,True,0.8895
TMED6,DPN,0.0009706048355848075,2,True,-2.1439
TMED6,DR,0.48510679585319727,2,True,0.4787
TMEM11,DN,0.1584463035435445,1,True,
TMEM11,DPN,4.049011091709666e-08,1,True,
TMEM11,DR,4.18039529186939e-06,1,True,
TMEM163,DN,0.0017718262800007962,2,True,2.1841
TMEM163,DPN,2.51793037577655e-07,2,True,4.1927
TMEM163,DR,0.21513494473322697,2,True,0.5861
TMEM168,DN,0.0018579306162447885,2,True,3.1124
TMEM168,DPN,0.021210330701613652,2,True,1.8342
TMEM168,DR,2.908481879656085e-10,2,True,6.3036
TMEM222,DN,4.0729014693533703e-57,2,True,-15.9277
TMEM222,DPN,8.564901199989565e-21,2,True,9.3524
TMEM222,DR,1.6123662031793278e-32,2,True,-11.8742
TMEM41B,DN,4.9962710655342706e-06,2,True,-4.3887
TMEM41B,DPN,0.0031894290431222255,2,True,-2.7534
TMEM41B,DR,1.0,2,True,0.4757
TMEM59,DN,0.01694773979022875,1,True,
TMEM59,DPN,0.9333466618542497,1,True,
TMEM59,DR,0.0008005187755098232,1,True,
TMEM65,DN,8.036245465520342e-05,1,False,3.9433
TMEM65,DPN,0.00038909025248979836,1,False,3.5474
TMEM65,DR,7.407100739796299e-06,1,False,4.4816
TNFSF12,DN,1.2673613778402009e-11,2,True,6.7723
TNFSF12,DPN,0.48667331056568053,2,True,1.0753
TNFSF12,DR,7.057986468232383e-08,2,True,5.3897
TOMM40L,DN,0.01972473091583706,2,True,-2.2848
TOMM40L,DPN,3.730247870125096e-10,2,True,6.2649
TOMM40L,DR,0.00857092654459813,2,True,-2.6338
TPRKB,DN,0.1530430659736816,2,True,1.6422
TPRKB,DPN,1.9870321061531332e-05,2,True,-4.2663
TPRKB,DR,6.507015554105042e-10,2,True,6.1776
TRAPPC6A,DN,0.0002288021470355614,2,True,-3.5373
TRAPPC6A,DPN,0.0930369887057913,2,True,1.2804
TRAPPC6A,DR,2.1985959268073187e-09,2,True,-5.714
TRIQK,DN,0.33715796633990835,1,False,-0.9598
TRIQK,DPN,2.3155593581590805e-06,1,False,4.7237
TRIQK,DR,1.3724650543255718e-26,1,False,-10.6723
TRNT1,DN,2.4706852648395943e-13,2,True,-2.8755
TRNT1,DPN,5.92600949523109e-21,2,True,-0.3443
TRNT1,DR,4.546106351505101e-48,2,True,-0.3028
TRPC4AP,DN,2.5897522054578025e-28,1,False,11.035
TRPC4AP,DPN,4.2624765292927196e-07,1,False,-5.0568
TRPC4AP,DR,2.886058754704124e-19,1,False,-8.973
TRPM2,DN,0.031296030711117584,2,True,1.6029
TRPM2,DPN,0.0026713587866536844,2,True,-2.9564
TRPM2,DR,2.398992085568367e-13,2,True,-3.8828
TRUB2,DN,0.0002860450933350788,2,True,-3.4445
TRUB2,DPN,0.00769183983767108,2,True,-2.4234
TRUB2,DR,5.991523797080651e-05,2,True,-3.8465
TSEN54,DN,8.316694971433853e-07,1,True,
TSEN54,DPN,0.0007756200297672277,1,True,
TSEN54,DR,0.01856613683292586,1,True,
TSPO,DN,0.00039426023517886847,2,True,-2.1892
TSPO,DPN,1.0126832321651196e-24,2,True,-10.2651
TSPO,DR,0.00017542596618628435,2,True,3.6428
TSPYL4,DN,0.48750339596891973,2,True,-1.2199
TSPYL4,DPN,0.00815459907023223,2,True,1.2534
TSPYL4,DR,3.577964336915657e-08,2,True,-5.5089
TSSK4,DN,3.054697945469753e-10,2,True,-6.296
TSSK4,DPN,0.0005729755809134086,2,True,0.9687
TSSK4,DR,0.0023359080292992603,2,True,-3.05
TTC39B,DN,8.83631290132043e-06,1,False,4.4439
TTC39B,DPN,9.033245347094678e-07,1,False,-4.9116
TTC39B,DR,0.0007919624676681955,1,False,-3.3556
TTLL12,DN,0.002544086627543204,2,True,-0.3087
TTLL12,DPN,0.13652732100606976,2,True,-1.4791
TTLL12,DR,0.0074178564672912235,2,True,-2.6871
TTN,DN,4.0085947776303414e-14,2,True,7.47
TTN,DPN,0.015655981981787862,2,True,2.154
TTN,DR,0.23282916877271068,2,True,-0.9577
TUBA4B,DN,0.1824877850485926,1,False,1.3331
TUBA4B,DPN,0.0006925888880772809,1,False,3.3925
TUBA4B,DR,0.21160021322740566,1,False,1.2492
UACA,DN,0.2415059724913939,1,False,1.1712
UACA,DPN,0.9707479240320585,1,False,-0.0367
UACA,DR,2.8772315081968002e-05,1,False,-4.183
UBN1,DN,0.0185902847050934,2,True,-2.138
UBN1,DPN,0.053189713316523925,2,True,-1.9019
UBN1,DR,0.00492182010814108,2,True,-2.8068
UBOX5,DN,0.040407026661373566,2,True,1.0538
UBOX5,DPN,1.0,2,True,-0.3361
UBOX5,DR,1.0,2,True,-0.6131
UBR7,DN,0.00034572752760581683,1,True,
UBR7,DPN,0.0014912842178124116,1,True,
UBR7,DR,1.4555093526274145e-07,1,True,
UCN,DN,0.0016679114923735252,2,True,-2.935
UCN,DPN,2.2096260551056728e-08,2,True,5.4732
UCN,DR,0.07644189906874731,2,True,-1.4576
ULK3,DN,1.0,2,True,0.4108
ULK3,DPN,0.026868813892190306,2,True,-0.6182
ULK3,DR,1.4865446762877703e-06,2,True,-2.597
UNK,DN,0.5057931020493187,1,False,0.6654
UNK,DPN,0.12052156670476454,1,False,-1.5526
UNK,DR,0.5296083772159426,1,False,-0.6286
UPP1,DN,1.0,2,True,0.9111
UPP1,DPN,1.0,2,True,0.9598
UPP1,DR,1.0,2,True,-0.1375
USP47,DN,4.5639046094410195e-20,2,True,9.1739
USP47,DPN,7.778513069041313e-10,2,True,-6.1494
USP47,DR,6.720838769798559e-07,2,True,2.346
UTP3,DN,1.0,2,True,-0.0142
UTP3,DPN,0.3670644603706427,2,True,-0.7883
UTP3,DR,0.004950275924307193,2,True,-2.5794
VAMP5,DN,0.27287578725572287,2,True,1.2325
VAMP5,DPN,0.11758606324625386,2,True,-1.2409
VAMP5,DR,5.581334007895251e-05,2,True,-4.0298
VNN3,DN,0.01251947179502951,2,True,-1.4349
VNN3,DPN,1.3121993651530548e-05,2,True,-3.6983
VNN3,DR,0.050853442088276087,2,True,-1.263
VPREB3,DN,5.854585784488353e-08,2,True,4.293
VPREB3,DPN,3.0292744945503362e-05,2,True,0.0666
VPREB3,DR,0.019821579668434924,2,True,1.9243
VPS37A,DN,2.603776706419079e-06,2,True,4.6998
VPS37A,DPN,3.0166390712550536e-31,2,True,-0.1875
VPS37A,DR,6.54878572882571e-10,2,True,-0.8728
VPS50,DN,8.901690209617553e-08,2,True,0.469
VPS50,DPN,6.133860530009403e-26,2,True,-1.4812
VPS50,DR,5.4187796510399095e-45,2,True,0.6124
VSIG10L,DN,0.029494748323122797,2,True,2.0926
VSIG10L,DPN,0.041297853048379976,2,True,1.9917
VSIG10L,DR,0.04368803762523129,2,True,1.5678
WASHC2C,DN,0.09236906424814338,2,True,-1.6136
WASHC2C,DPN,1.0,2,True,-0.1777
WASHC2C,DR,1.5530989796566017e-06,2,True,4.8042
WDPCP,DN,0.004699054848960065,2,True,2.8322
WDPCP,DPN,0.015855199957017792,2,True,1.7655
WDPCP,DR,0.003952975032237949,2,True,-2.6391
WDR34,DN,4.700862044676104e-34,1,True,
WDR34,DPN,2.4681576464972976e-36,1,True,
WDR34,DR,2.925609306146771e-09,1,True,
WDR47,DN,2.358495053263604e-13,2,True,7.3267
WDR47,DPN,7.98228518770025e-06,2,True,4.4647
WDR47,DR,0.003746963516739011,2,True,-2.6966
WDR88,DN,0.0007957013172235244,1,False,-3.3543
WDR88,DPN,0.0044423329970641225,1,False,2.8449
WDR88,DR,0.6077479425944867,1,False,0.5133
WI2-87327B8.1,DN,0.21498405849947783,1,False,-1.24
WI2-87327B8.1,DPN,0.03017302370492622,1,False,2.1678
WI2-87327B8.1,DR,0.5411274786653146,1,False,-0.6111
WLS,DN,6.472129499897881e-12,2,True,6.8689
WLS,DPN,0.0005687104742222326,2,True,3.4387
WLS,DR,0.2943294931739518,2,True,-1.0006
WWC1,DN,0.004579308611599365,2,True,-1.4518
WWC1,DPN,0.011988529018190227,2,True,2.5031
WWC1,DR,0.03593635793585251,2,True,-1.8845
XPNPEP3,DN,0.1196755480242376,2,True,-1.2461
XPNPEP3,DPN,0.13995747018096072,2,True,-1.1743
XPNPEP3,DR,0.01234323009114241,2,True,-2.2469
XPO5,DN,8.789034562379934e-07,2,True,-3.0604
XPO5,DPN,1.4157853531725927e-28,2,True,-2.2093
XPO5,DR,0.0030089340639891642,2,True,-2.8359
YARS,DN,0.0070436493425218285,2,True,-2.6939
YARS,DPN,6.908116793585121e-15,2,True,-7.7862
YARS,DR,1.0,2,True,0.1373
YKT6,DN,1.6760687494901381e-06,1,False,4.789
YKT6,DPN,0.0594988894789616,1,False,1.8845
YKT6,DR,2.7041508999028085e-06,1,False,4.6921
ZAP70,DN,7.396778402225767e-27,2,True,-10.7295
ZAP70,DPN,0.0024761376056631475,2,True,2.8782
ZAP70,DR,0.0051414209952508946,2,True,-1.3971
ZBTB44,DN,0.0007178705506875271,1,False,-3.3827
ZBTB44,DPN,0.9433397373130139,1,False,0.0711
ZBTB44,DR,0.02768097381878555,1,False,-2.2018
ZBTB8OS,DN,5.539313045826316e-09,2,True,-5.5728
ZBTB8OS,DPN,4.482976960383876e-12,2,True,-6.2959
ZBTB8OS,DR,6.726142933664482e-07,2,True,4.7422
ZC3H12C,DN,1.0,2,True,1.0993
ZC3H12C,DPN,0.025720848115678884,2,True,0.1219
ZC3H12C,DR,1.0,2,True,0.2151
ZC3H7B,DN,4.354503559323075e-116,2,True,-5.3922
ZC3H7B,DPN,1.3038452386635287e-108,2,True,-3.0491
ZC3H7B,DR,1.4236931354027063e-30,2,True,1.2182
ZCWPW1,DN,0.5680479878255948,1,True,
ZCWPW1,DPN,1.4463074207325377e-15,1,True,
ZCWPW1,DR,2.3620657737684414e-12,1,True,
ZDHHC23,DN,3.230413739201932e-07,1,False,5.1095
ZDHHC23,DPN,0.6319789293369396,1,False,-0.4789
ZDHHC23,DR,0.04683408573542719,1,False,1.9878
ZFAT,DN,4.081570226073129e-59,1,True,
ZFAT,DPN,0.000379452030740932,1,True,
ZFAT,DR,1.514775363578143e-22,1,True,
ZFP41,DN,0.005303334260403331,2,True,-2.4931
ZFP41,DPN,0.04550673997408752,2,True,-1.6063
ZFP41,DR,0.007171826653036892,2,True,-2.2932
ZFP82,DN,0.04362271284930649,2,True,-1.7098
ZFP82,DPN,4.136984178412041e-06,2,True,-4.6013
ZFP82,DR,0.000177126123039114,2,True,-3.6204
ZFPM1,DN,0.0277929641007636,1,False,2.2002
ZFPM1,DPN,0.0034056614688386345,1,False,2.9285
ZFPM1,DR,0.9466587107341008,1,False,0.0669
ZFYVE27,DN,1.6856494506138838e-35,2,True,-12.4351
ZFYVE27,DPN,5.549468147942366e-06,2,True,1.9373
ZFYVE27,DR,1.3366926903745002e-22,2,True,-9.7826
ZGPAT,DN,2.328882142077008e-06,2,True,-0.073
ZGPAT,DPN,7.535205296773191e-06,2,True,-0.9963
ZGPAT,DR,8.516254543578444e-25,2,True,6.415
ZKSCAN7,DN,0.49829556957335414,2,True,0.0717
ZKSCAN7,DPN,0.0009789368792238518,2,True,1.7311
ZKSCAN7,DR,0.01150379710243313,2,True,2.5708
ZNF317,DN,0.0016822919150695228,2,True,-2.8724
ZNF317,DPN,0.0008160634827171243,2,True,3.228
ZNF317,DR,0.01952681985204788,2,True,2.175
ZNF354A,DN,0.3316018090510231,1,False,0.9709
ZNF354A,DPN,0.0011582574313585153,1,False,3.249
ZNF354A,DR,0.30403524453590713,1,False,-1.0278
ZNF385C,DN,1.0612677949332084e-10,1,False,6.458
ZNF385C,DPN,9.23419545051967e-113,1,False,-22.5666
ZNF385C,DR,4.580934725697317e-40,1,False,-13.2489
ZNF396,DN,0.012816552229186637,2,True,1.2508
ZNF396,DPN,1.0,2,True,0.1253
ZNF396,DR,0.005703431028861112,2,True,2.1422
ZNF429,DN,0.0006589381223460086,1,False,-3.4061
ZNF429,DPN,0.8320181981265662,1,False,0.2121
ZNF429,DR,0.2429939555342699,1,False,-1.1675
ZNF433,DN,2.34832988878119e-09,2,True,-5.8576
ZNF433,DPN,0.0002960997493228517,2,True,3.4352
ZNF433,DR,1.2068787737989676e-05,2,True,-4.2227
ZNF45,DN,2.8007583508934354e-16,2,True,-8.1816
ZNF45,DPN,6.410102214064752e-09,2,True,2.9415
ZNF45,DR,1.452594282636897e-06,2,True,4.8176
ZNF529,DN,0.005427853589403306,2,True,-2.7751
ZNF529,DPN,0.09677778164024796,2,True,0.9156
ZNF529,DR,0.06099664121661707,2,True,1.8523
ZNF554,DN,0.0005538597376613868,2,True,-3.3425
ZNF554,DPN,0.057238617093218966,2,True,-1.5265
ZNF554,DR,1.0,2,True,0.1788
ZNF584,DN,0.15055911762505766,2,True,-0.761
ZNF584,DPN,0.03447376060310194,2,True,-1.6098
ZNF584,DR,7.117225617821298e-05,2,True,-3.4552
ZNF607,DN,0.10803201258010443,2,True,0.9324
ZNF607,DPN,3.772093428632864e-08,2,True,-0.1438
ZNF607,DR,0.012010875832681026,2,True,2.3047
ZNF771,DN,0.00019107018559259644,2,True,3.5521
ZNF771,DPN,0.03884146076423224,2,True,1.771
ZNF771,DR,0.07835380070467936,2,True,1.4458
ZNF778,DN,0.1704538795338073,2,True,1.3461
ZNF778,DPN,3.6459279800688886e-09,2,True,5.8995
ZNF778,DR,1.069254976466348e-22,2,True,-9.8052
ZNF792,DN,0.03849939333946699,2,True,-0.9052
ZNF792,DPN,5.005389705330394e-06,2,True,2.6214
ZNF792,DR,0.010037553340355472,2,True,2.3674
ZNHIT2,DN,5.730864890040026e-08,2,True,-5.3019
ZNHIT2,DPN,0.015625887400212094,2,True,2.1548
ZNHIT2,DR,0.000565400564322254,2,True,-3.2558
