gene,trait,p_acat,n_tissues,in_both
AAMP,DN,0.05752092897816256,2,True
AAMP,DPN,0.03353286934969828,2,True
AAMP,DR,1.0,2,True
AAR2,DN,3.032382527377565e-06,2,True
AAR2,DPN,9.759666459673052e-06,2,True
AAR2,DR,4.96391535996791e-06,2,True
AARS,DN,6.517243327806014e-06,2,True
AARS,DPN,0.053417476914133705,2,True
AARS,DR,4.413769324813968e-05,2,True
AARSD1,DN,2.3100232140340934e-12,2,True
AARSD1,DPN,0.00010129146877972503,2,True
AARSD1,DR,3.2446355224379837e-09,2,True
ABCF2,DN,6.615866184162508e-07,2,True
ABCF2,DPN,5.927766535042871e-10,2,True
ABCF2,DR,6.203134273568282e-13,2,True
ACBD3,DN,0.0019576574528904606,2,True
ACBD3,DPN,0.002303813689642446,2,True
ACBD3,DR,1.0,2,True
ACBD6,DN,1.8112599383461653e-06,2,True
ACBD6,DPN,0.0005458874338962645,2,True
ACBD6,DR,0.02069852465861984,2,True
ACTR1A,DN,0.001161194197297039,2,True
ACTR1A,DPN,2.616531320061258e-07,2,True
ACTR1A,DR,0.0017228683894606903,2,True
ACTR1B,DN,0.10929153499590416,2,True
ACTR1B,DPN,1.875175545154749e-06,2,True
ACTR1B,DR,0.003987291616214877,2,True
ADH5,DN,0.00024054204564725301,2,True
ADH5,DPN,0.1356326341775826,2,True
ADH5,DR,0.15752296029128507,2,True
ADIPOR2,DN,0.02650725714324559,2,True
ADIPOR2,DPN,7.434165329707148e-05,2,True
ADIPOR2,DR,1.0,2,True
AGAP3,DN,1.5836940580000665e-30,2,True
AGAP3,DPN,1.9015940719879616e-64,2,True
AGAP3,DR,8.377244411471721e-14,2,True
AGGF1,DN,0.046861165714769386,1,False
AGGF1,DPN,0.26428280974422846,1,False
AGGF1,DR,0.4880871581572292,1,False
AHSA1,DN,0.199598668933928,1,True
AHSA1,DPN,0.042758757067585154,1,True
AHSA1,DR,0.52114000324079,1,True
AIDA,DN,0.8344411806908614,1,False
AIDA,DPN,0.06444001729387258,1,False
AIDA,DR,1.0185981545438125e-05,1,False
AK2,DN,0.010306792123891783,2,True
AK2,DPN,0.10723209292100211,2,True
AK2,DR,0.01528290369129828,2,True
AK3,DN,1.0869255561966883e-14,2,True
AK3,DPN,6.890745806844586e-19,2,True
AK3,DR,3.4506662388096583e-20,2,True
AKIRIN1,DN,6.114660529033647e-13,1,False
AKIRIN1,DPN,0.14307271990308496,1,False
AKIRIN1,DR,0.028296258726743653,1,False
AKIRIN2,DN,0.007459999990372922,2,True
AKIRIN2,DPN,0.04710751376245666,2,True
AKIRIN2,DR,0.4457102277392915,2,True
ALDH9A1,DN,4.738323588242592e-10,2,True
ALDH9A1,DPN,0.0021042681519269487,2,True
ALDH9A1,DR,0.0009543766519686286,2,True
ALKBH5,DN,1.0,2,True
ALKBH5,DPN,6.24576774505615e-05,2,True
ALKBH5,DR,1.0,2,True
AMFR,DN,0.15039429607307286,2,True
AMFR,DPN,1.3137932374339464e-06,2,True
AMFR,DR,5.14165754434046e-32,2,True
ANAPC2,DN,0.0006262111195481807,2,True
ANAPC2,DPN,5.797166525893823e-10,2,True
ANAPC2,DR,0.0016484323848055895,2,True
ANKFY1,DN,0.5330935800414949,1,True
ANKFY1,DPN,0.07109245028967671,1,True
ANKFY1,DR,0.02836610123421077,1,True
ANKLE2,DN,0.0002834376266570543,2,True
ANKLE2,DPN,0.48982116044129176,2,True
ANKLE2,DR,0.401152831171189,2,True
ANKRD10,DN,0.022347110107282252,2,True
ANKRD10,DPN,0.0006524283440182167,2,True
ANKRD10,DR,5.173154681001292e-05,2,True
ANKRD40,DN,1.0,2,True
ANKRD40,DPN,0.0033048445576237674,2,True
ANKRD40,DR,0.25557428729217607,2,True
ANKS1A,DN,0.002979787294877404,2,True
ANKS1A,DPN,3.375403463030587e-152,2,True
ANKS1A,DR,5.401554753650739e-42,2,True
ANP32B,DN,0.9333658856721496,1,False
ANP32B,DPN,0.34124582338869397,1,False
ANP32B,DR,0.5346589127130754,1,False
AP2M1,DN,2.063605009962477e-09,2,True
AP2M1,DPN,9.339274684726846e-07,2,True
AP2M1,DR,0.0798008129783537,2,True
AP3M1,DN,1.2674238332789162e-05,2,True
AP3M1,DPN,0.00958310061742208,2,True
AP3M1,DR,2.094009241395799e-18,2,True
APEH,DN,1.631174908294989e-06,2,True
APEH,DPN,5.362333200558193e-06,2,True
APEH,DR,9.999999999999999e-301,2,True
APH1A,DN,0.0025916269927021727,2,True
APH1A,DPN,0.0012734999117740616,2,True
APH1A,DR,1.4330123111348165e-08,2,True
API5,DN,0.9110791020612238,1,False
API5,DPN,0.6172326623762889,1,False
API5,DR,0.9793795221315837,1,False
ARCN1,DN,0.0005910327105063601,2,True
ARCN1,DPN,0.0798707745445175,2,True
ARCN1,DR,0.3052250500925152,2,True
ARF4,DN,1.2715407334398892e-05,2,True
ARF4,DPN,0.0004694846497470443,2,True
ARF4,DR,2.1711093383097697e-09,2,True
ARFGAP2,DN,2.8127857089603633e-09,2,True
ARFGAP2,DPN,9.293030959981747e-39,2,True
ARFGAP2,DR,5.831408132166776e-54,2,True
ARFGAP3,DN,5.659248489825152e-05,2,True
ARFGAP3,DPN,3.579347683077803e-10,2,True
ARFGAP3,DR,2.925287402184928e-07,2,True
ARFGEF2,DN,1.0,2,True
ARFGEF2,DPN,0.3057649296860248,2,True
ARFGEF2,DR,1.0,2,True
ARHGAP1,DN,4.073278407174605e-06,2,True
ARHGAP1,DPN,1.0,2,True
ARHGAP1,DR,0.01829677183402556,2,True
ARIH2,DN,0.0024961658738580574,2,True
ARIH2,DPN,0.3272069932029159,2,True
ARIH2,DR,0.08610030412429004,2,True
ARL1,DN,0.03910267033148032,2,True
ARL1,DPN,0.09285814694929115,2,True
ARL1,DR,0.03207807508205212,2,True
ARL14EP,DN,1.0,2,True
ARL14EP,DPN,1.0,2,True
ARL14EP,DR,0.028375101852834452,2,True
ARL6IP1,DN,0.4705264148806619,2,True
ARL6IP1,DPN,1.0,2,True
ARL6IP1,DR,0.004900739061222187,2,True
ARL8B,DN,1.0,2,True
ARL8B,DPN,0.0005260864992058488,2,True
ARL8B,DR,6.069655142708639e-12,2,True
ARMC1,DN,0.05835912975458301,1,True
ARMC1,DPN,0.6504234775855192,1,True
ARMC1,DR,0.3017620357701851,1,True
ARNT,DN,0.11356983434113539,1,True
ARNT,DPN,0.30473034765217843,1,True
ARNT,DR,0.7231592134757829,1,True
ARPC2,DN,0.38354479168429834,2,True
ARPC2,DPN,0.010108171577497712,2,True
ARPC2,DR,0.024796966736039212,2,True
ARPP19,DN,4.566238765708598e-47,2,True
ARPP19,DPN,2.3548104455138413e-46,2,True
ARPP19,DR,1.7580289098287699e-217,2,True
ASNSD1,DN,0.3161448205750468,2,True
ASNSD1,DPN,0.00634031784988298,2,True
ASNSD1,DR,3.0452320922081386e-08,2,True
ASXL1,DN,6.471120201643256e-07,2,True
ASXL1,DPN,0.030873734548180935,2,True
ASXL1,DR,0.46814512183620294,2,True
ATF6,DN,1.3363625151464619e-45,2,True
ATF6,DPN,2.4869864982496665e-36,2,True
ATF6,DR,0.003896161302324525,2,True
ATF6B,DN,4.999999999999999e-301,2,True
ATF6B,DPN,4.999999999999999e-301,2,True
ATF6B,DR,4.999999999999999e-301,2,True
ATG101,DN,0.36631744195160654,2,True
ATG101,DPN,0.11475936922377929,2,True
ATG101,DR,0.18772825228767662,2,True
ATG3,DN,1.4582901900205104e-22,2,True
ATG3,DPN,1.8188588517145563e-08,2,True
ATG3,DR,1.502684599772008e-15,2,True
B4GALT7,DN,0.018776135688211553,2,True
B4GALT7,DPN,1.0,2,True
B4GALT7,DR,0.00010176712810589941,2,True
BAD,DN,1.2897242099887066e-28,1,False
BAD,DPN,2.4308279145791766e-14,1,False
BAD,DR,3.3826487541153553e-221,1,False
BAG6,DN,1.039529331904461e-34,1,False
BAG6,DPN,1.0274979450756023e-26,1,False
BAG6,DR,4.715303557080476e-111,1,False
BANF1,DN,0.06464416009998451,2,True
BANF1,DPN,0.18086442739544942,2,True
BANF1,DR,0.029686069812403234,2,True
BAZ1B,DN,2.3554652493462787e-16,2,True
BAZ1B,DPN,1.0462263820920205e-55,2,True
BAZ1B,DR,2.4253879053101464e-25,2,True
BCKDK,DN,0.025503432512038373,2,True
BCKDK,DPN,1.0,2,True
BCKDK,DR,0.01577141576670497,2,True
BFAR,DN,7.630404966652965e-12,2,True
BFAR,DPN,1.0,2,True
BFAR,DR,1.4504185186715586e-137,2,True
BLOC1S2,DN,0.028000447640923857,2,True
BLOC1S2,DPN,9.933925072858306e-19,2,True
BLOC1S2,DR,1.0347320148265862e-45,2,True
BOD1,DN,0.9576722810273295,1,True
BOD1,DPN,0.0003899681227731605,1,True
BOD1,DR,0.004481313567041761,1,True
BORCS7,DN,2.7563676142154967e-10,2,True
BORCS7,DPN,0.0017621158226426284,2,True
BORCS7,DR,0.047748796544502155,2,True
BRD3,DN,1.0,2,True
BRD3,DPN,1.0,2,True
BRD3,DR,1.0,2,True
BRD4,DN,0.35068907993932946,2,True
BRD4,DPN,1.0,2,True
BRD4,DR,0.003909806100491709,2,True
BRK1,DN,0.00333417879985518,2,True
BRK1,DPN,0.0038740081079755464,2,True
BRK1,DR,1.2655975389804524e-05,2,True
BSDC1,DN,0.005206462318734309,2,True
BSDC1,DPN,1.0,2,True
BSDC1,DR,1.2173774409629383e-44,2,True
BTBD1,DN,3.798133722442899e-05,2,True
BTBD1,DPN,1.0,2,True
BTBD1,DR,0.04090357806229843,2,True
BUB3,DN,0.15328572864299445,1,False
BUB3,DPN,0.06677343836192796,1,False
BUB3,DR,0.788631745621984,1,False
BUD31,DN,3.6788889540949623e-07,2,True
BUD31,DPN,4.868682389404251e-33,2,True
BUD31,DR,0.20313593228487611,2,True
BZW1,DN,2.4767574563475157e-09,2,True
BZW1,DPN,0.19244456435058763,2,True
BZW1,DR,0.0013023937634336492,2,True
C11ORF98,DN,0.07345307570987764,2,True
C11ORF98,DPN,0.08947387733346465,2,True
C11ORF98,DR,4.131486494928815e-07,2,True
C14ORF119,DN,0.7778694151969345,1,False
C14ORF119,DPN,0.6339072650768853,1,False
C14ORF119,DR,3.469106446708445e-10,1,False
C16ORF70,DN,5.562922869592228e-06,1,False
C16ORF70,DPN,2.638810642673479e-05,1,False
C16ORF70,DR,1.3573836628693566e-22,1,False
C6ORF120,DN,0.012205551325050927,2,True
C6ORF120,DPN,0.18921770479272812,2,True
C6ORF120,DR,1.0,2,True
C9ORF78,DN,1.0,2,True
C9ORF78,DPN,1.0,2,True
C9ORF78,DR,0.0033153248601102935,2,True
CAB39,DN,1.2003565692714346e-30,1,False
CAB39,DPN,6.054341155029558e-06,1,False
CAB39,DR,0.558006032133376,1,False
CACTIN,DN,1.0,2,True
CACTIN,DPN,0.00010150676625939597,2,True
CACTIN,DR,0.03219205787028348,2,True
CALR,DN,0.0468589255645804,2,True
CALR,DPN,7.722335224153518e-05,2,True
CALR,DR,0.015898976564125995,2,True
CAND1,DN,0.22402839757492335,1,True
CAND1,DPN,0.09235235498772475,1,True
CAND1,DR,0.019454317644494054,1,True
CASC3,DN,0.37094883398011974,1,True
CASC3,DPN,0.06029210729190188,1,True
CASC3,DR,1.3053884622386677e-62,1,True
CBX1,DN,0.005762657002027563,2,True
CBX1,DPN,1.0,2,True
CBX1,DR,5.277559044912139e-20,2,True
CBY1,DN,8.272810440671176e-21,2,True
CBY1,DPN,0.004589023060796446,2,True
CBY1,DR,9.106929912145785e-63,2,True
CCAR2,DN,1.5697105573504282e-06,2,True
CCAR2,DPN,0.2305299580390558,2,True
CCAR2,DR,1.0,2,True
CCDC124,DN,0.0027262617673087155,2,True
CCDC124,DPN,0.030278597908878175,2,True
CCDC124,DR,1.0,2,True
CCDC50,DN,0.03406913712866311,2,True
CCDC50,DPN,0.003506453816323323,2,True
CCDC50,DR,0.00011918697758538587,2,True
CCDC97,DN,0.00019522093474131787,2,True
CCDC97,DPN,2.4451948696034553e-06,2,True
CCDC97,DR,2.839047328467514e-11,2,True
CCNI,DN,0.5417888861803162,1,False
CCNI,DPN,0.009586454606373064,1,False
CCNI,DR,0.8776971821440182,1,False
CCNK,DN,0.14286086116260885,2,True
CCNK,DPN,0.28867233842828965,2,True
CCNK,DR,0.2906044359884282,2,True
CCZ1,DN,0.002572789469715111,2,True
CCZ1,DPN,1.0,2,True
CCZ1,DR,1.0,2,True
CD2BP2,DN,8.59091589809981e-29,2,True
CD2BP2,DPN,1.2599929370962654e-80,2,True
CD2BP2,DR,1.810658111961236e-28,2,True
CDC123,DN,0.16244593798462262,1,False
CDC123,DPN,0.18585915673782846,1,False
CDC123,DR,0.4274200673993891,1,False
CDC16,DN,1.0,2,True
CDC16,DPN,1.0,2,True
CDC16,DR,1.0,2,True
CDC26,DN,1.0,2,True
CDC26,DPN,0.4488042944129255,2,True
CDC26,DR,9.332396346930688e-07,2,True
CDC37L1,DN,0.03641255494236663,2,True
CDC37L1,DPN,1.0,2,True
CDC37L1,DR,0.004019236073952552,2,True
CDC42,DN,9.02141545048897e-12,2,True
CDC42,DPN,0.04487235645159579,2,True
CDC42,DR,4.1337364618044145e-09,2,True
CDC42SE1,DN,1.555102615429181e-10,2,True
CDC42SE1,DPN,3.36624629817142e-32,2,True
CDC42SE1,DR,3.191134454792865e-08,2,True
CDC5L,DN,0.004547544687673645,1,True
CDC5L,DPN,1.6546912711921703e-286,1,True
CDC5L,DR,7.266681086963763e-102,1,True
CDKN1B,DN,1.7209823858068408e-10,2,True
CDKN1B,DPN,0.005870499566406188,2,True
CDKN1B,DR,0.08282525997941198,2,True
CEBPZOS,DN,0.0005765503163397007,2,True
CEBPZOS,DPN,0.01623677546427993,2,True
CEBPZOS,DR,0.2290449665338502,2,True
CFDP1,DN,1.0,2,True
CFDP1,DPN,1.0,2,True
CFDP1,DR,0.14314621244409204,2,True
CFL1,DN,0.03780410407748738,2,True
CFL1,DPN,0.01029531689870453,2,True
CFL1,DR,1.0,2,True
CGGBP1,DN,9.439901687758753e-12,2,True
CGGBP1,DPN,8.102925395058613e-47,2,True
CGGBP1,DR,1.9327409229717634e-15,2,True
CHMP2A,DN,0.029432472734283257,2,True
CHMP2A,DPN,0.00022258228614544727,2,True
CHMP2A,DR,1.0898119660334997e-05,2,True
CHMP2B,DN,0.27940744662407213,2,True
CHMP2B,DPN,0.005684678985474935,2,True
CHMP2B,DR,6.343575766701159e-07,2,True
CHMP3,DN,0.00018492405438190273,2,True
CHMP3,DPN,0.04555905830672201,2,True
CHMP3,DR,1.0,2,True
CHMP4B,DN,0.04460633193431444,2,True
CHMP4B,DPN,0.0027533723369755955,2,True
CHMP4B,DR,1.0,2,True
CHMP6,DN,0.0640203902661542,2,True
CHMP6,DPN,1.0,2,True
CHMP6,DR,0.15990079377385238,2,True
CHTOP,DN,0.3867914023275426,1,False
CHTOP,DPN,0.2111917871073496,1,False
CHTOP,DR,0.27765140216926354,1,False
CIPC,DN,0.2626702220291365,1,False
CIPC,DPN,0.5478199811637372,1,False
CIPC,DR,0.1845264256313161,1,False
CLNS1A,DN,0.28081366863541024,2,True
CLNS1A,DPN,1.252649782496295e-05,2,True
CLNS1A,DR,0.02716639876161501,2,True
CLPP,DN,9.999999999999999e-301,2,True
CLPP,DPN,4.2783726482231345e-21,2,True
CLPP,DR,9.999999999999999e-301,2,True
CMPK1,DN,0.3379899673920515,1,True
CMPK1,DPN,0.017660417763759362,1,True
CMPK1,DR,0.009765956077818655,1,True
CNBP,DN,0.06628685194347861,2,True
CNBP,DPN,2.4334086500978235e-08,2,True
CNBP,DR,0.05575351522002208,2,True
CNOT11,DN,2.6194416794485602e-06,2,True
CNOT11,DPN,1.7035069622857673e-61,2,True
CNOT11,DR,6.494656251878043e-30,2,True
CNPPD1,DN,5.500813580524432e-12,1,True
CNPPD1,DPN,0.6126147572888464,1,True
CNPPD1,DR,9.684749017992202e-13,1,True
COA5,DN,0.39629230276036453,1,False
COA5,DPN,0.25303603702379773,1,False
COA5,DR,0.026993803850910873,1,False
COA6,DN,0.6507812193712222,1,False
COA6,DPN,2.494946600660843e-35,1,False
COA6,DR,0.3762308755242767,1,False
COG3,DN,0.3457164603738559,1,True
COG3,DPN,0.07084399643450835,1,True
COG3,DR,0.7141007423047547,1,True
COG7,DN,3.0106803438061055e-55,2,True
COG7,DPN,1.1380466450414947e-06,2,True
COG7,DR,0.0008795063023151363,2,True
COMMD7,DN,0.15287444359523772,1,True
COMMD7,DPN,0.2241550179951186,1,True
COMMD7,DR,0.17561168424565826,1,True
COMT,DN,2.4672878661374535e-08,1,True
COMT,DPN,0.0006761562877663295,1,True
COMT,DR,4.0723805120890894e-13,1,True
COPA,DN,1.0,2,True
COPA,DPN,0.26214476456714475,2,True
COPA,DR,1.0,2,True
COPE,DN,0.0010673349997957341,2,True
COPE,DPN,0.001465543112761786,2,True
COPE,DR,0.14613375074135998,2,True
COPG1,DN,1.3339299628990626e-65,1,False
COPG1,DPN,2.531108727084054e-75,1,False
COPG1,DR,0.0003154116232055523,1,False
COPS6,DN,1.259705932237429e-107,1,True
COPS6,DPN,3.4971104270566378e-15,1,True
COPS6,DR,6.990372689211563e-21,1,True
COQ5,DN,0.0011300588087765583,2,True
COQ5,DPN,1.0979518325588233e-09,2,True
COQ5,DR,9.585719828077086e-14,2,True
COX15,DN,6.87688424814056e-06,2,True
COX15,DPN,9.553997626953296e-16,2,True
COX15,DR,0.003025798513750559,2,True
COX17,DN,1.0165926979402947e-07,2,True
COX17,DPN,0.00800331913117788,2,True
COX17,DR,2.4798430453376927e-165,2,True
CREBBP,DN,2.272545621728965e-16,2,True
CREBBP,DPN,0.044608472794670645,2,True
CREBBP,DR,0.4308541811857006,2,True
CRK,DN,0.9304306131298616,1,True
CRK,DPN,8.180100877252604e-09,1,True
CRK,DR,2.6131807110747393e-17,1,True
CRTC3,DN,1.6788597966955634e-05,2,True
CRTC3,DPN,2.09929275453272e-31,2,True
CRTC3,DR,1.6565145224299384e-41,2,True
CSNK1A1,DN,2.0844469013305734e-05,2,True
CSNK1A1,DPN,0.2141265733292912,2,True
CSNK1A1,DR,0.02705339831703562,2,True
CSNK1D,DN,0.3236015033143504,2,True
CSNK1D,DPN,5.527938020082933e-06,2,True
CSNK1D,DR,0.00797566682035439,2,True
CSNK2A2,DN,9.510827081674835e-08,2,True
CSNK2A2,DPN,4.108871850381279e-07,2,True
CSNK2A2,DR,6.506197411841345e-25,2,True
CSNK2B,DN,2.1868913180202696e-17,2,True
CSNK2B,DPN,1.0014199325176418e-13,2,True
CSNK2B,DR,8.824676511174774e-72,2,True
CTBP1,DN,0.01034936784836662,2,True
CTBP1,DPN,1.0,2,True
CTBP1,DR,3.341407039794642e-05,2,True
CTDNEP1,DN,0.004215068911953686,2,True
CTDNEP1,DPN,1.0,2,True
CTDNEP1,DR,0.3128520957187571,2,True
CTNNB1,DN,0.07076290799704893,2,True
CTNNB1,DPN,0.018775016972895266,2,True
CTNNB1,DR,1.0,2,True
CTNNBL1,DN,5.21372796907044e-107,1,False
CTNNBL1,DPN,0.08702872728094872,1,False
CTNNBL1,DR,2.1192353883187943e-07,1,False
CUL1,DN,1.0,2,True
CUL1,DPN,0.003012696903775033,2,True
CUL1,DR,0.006948069757528849,2,True
CUL3,DN,0.0013032012156904802,2,True
CUL3,DPN,0.34092512365716254,2,True
CUL3,DR,0.06810609008809637,2,True
CUTA,DN,4.355999379394533e-39,1,False
CUTA,DPN,1.1622258413116133e-112,1,False
CUTA,DR,1.9096905866853162e-17,1,False
CYB5B,DN,0.08392291629332498,2,True
CYB5B,DPN,0.0018322433468941973,2,True
CYB5B,DR,0.0005738474598451064,2,True
DAD1,DN,2.1822141981788752e-06,2,True
DAD1,DPN,0.0029719374909948954,2,True
DAD1,DR,9.602034587832536e-12,2,True
DAP3,DN,0.0006100011177770408,1,False
DAP3,DPN,0.19977536743214455,1,False
DAP3,DR,7.0951359837026785e-12,1,False
DARS,DN,2.7574288627420786e-21,2,True
DARS,DPN,1.6540396802613526e-07,2,True
DARS,DR,2.0360819627126747e-69,2,True
DCAF12,DN,0.00016968200338994492,1,False
DCAF12,DPN,1.0824775007497009e-05,1,False
DCAF12,DR,6.14590163757973e-07,1,False
DCAF15,DN,0.08488387838491032,2,True
DCAF15,DPN,0.042869660945017915,2,True
DCAF15,DR,1.0,2,True
DCTN2,DN,0.06251715767292308,2,True
DCTN2,DPN,4.985972265458507e-10,2,True
DCTN2,DR,0.00010180195218297812,2,True
DCTN4,DN,3.600147537400029e-14,2,True
DCTN4,DPN,0.0019967072634778853,2,True
DCTN4,DR,0.20267653313498366,2,True
DEAF1,DN,0.001151131402500762,2,True
DEAF1,DPN,1.0,2,True
DEAF1,DR,0.00920910259227452,2,True
DENND6A,DN,0.32729529341928754,2,True
DENND6A,DPN,9.595743386840646e-51,2,True
DENND6A,DR,8.008147948819227e-28,2,True
DERL1,DN,0.538546224704878,1,False
DERL1,DPN,0.3100847365028336,1,False
DERL1,DR,0.4553976707158775,1,False
DNAJA1,DN,0.015001397624731084,2,True
DNAJA1,DPN,0.0004632045451648327,2,True
DNAJA1,DR,0.1976808787723703,2,True
DNAJA2,DN,5.2575348857180856e-17,2,True
DNAJA2,DPN,0.029135247564100356,2,True
DNAJA2,DR,8.629242427875565e-06,2,True
DNAJA3,DN,0.03334335773055244,2,True
DNAJA3,DPN,3.4637937305749957e-07,2,True
DNAJA3,DR,1.413223851613382e-09,2,True
DNAJB6,DN,0.001453514240616004,2,True
DNAJB6,DPN,4.894137006745089e-16,2,True
DNAJB6,DR,0.023147763830722357,2,True
DNAJC13,DN,0.020048068011932946,1,False
DNAJC13,DPN,0.0001122203696996454,1,False
DNAJC13,DR,0.02533975556306923,1,False
DNAJC3,DN,0.20094424739505698,2,True
DNAJC3,DPN,1.0,2,True
DNAJC3,DR,1.0,2,True
DNAJC4,DN,0.04306037328161538,2,True
DNAJC4,DPN,6.808597990450534e-20,2,True
DNAJC4,DR,6.704212816071373e-17,2,True
DNAJC8,DN,7.540581602490514e-36,1,True
DNAJC8,DPN,0.2953181859613585,1,True
DNAJC8,DR,2.218305254306734e-05,1,True
DNAJC9,DN,0.0011732646129293666,2,True
DNAJC9,DPN,1.3283158428199217e-08,2,True
DNAJC9,DR,1.4804010118803345e-18,2,True
DNLZ,DN,6.758951621891934e-73,2,True
DNLZ,DPN,3.991588097713819e-116,2,True
DNLZ,DR,4.136812768504957e-296,2,True
DNTTIP1,DN,1.0,2,True
DNTTIP1,DPN,0.007983603632886794,2,True
DNTTIP1,DR,0.001939959792114677,2,True
DPY30,DN,0.1914186477360048,1,False
DPY30,DPN,0.15324936837381373,1,False
DPY30,DR,3.5669535761261446e-09,1,False
DYNC1LI1,DN,0.17546942122833337,2,True
DYNC1LI1,DPN,0.07414139535778815,2,True
DYNC1LI1,DR,0.0023307178392052903,2,True
DYNLRB1,DN,0.1199752942779543,1,True
DYNLRB1,DPN,0.5783700069524957,1,True
DYNLRB1,DR,0.4084649269348052,1,True
E2F4,DN,0.00017967802729504912,2,True
E2F4,DPN,5.0061361447387415e-06,2,True
E2F4,DR,1.0,2,True
E4F1,DN,0.5730377237966955,1,False
E4F1,DPN,0.7028492845158281,1,False
E4F1,DR,0.9747203178566575,1,False
EAPP,DN,0.5381590805606853,1,True
EAPP,DPN,0.38859452876043066,1,True
EAPP,DR,0.1344078031586834,1,True
EBAG9,DN,0.40059155260071183,1,False
EBAG9,DPN,0.18299883235335002,1,False
EBAG9,DR,1.0695422730434364e-24,1,False
EBNA1BP2,DN,0.0007156634869957036,1,False
EBNA1BP2,DPN,0.25095083354465225,1,False
EBNA1BP2,DR,0.00918331226939117,1,False
EGLN2,DN,9.999999999999999e-301,2,True
EGLN2,DPN,1.0849623766868763e-39,2,True
EGLN2,DR,1.8899843223795554e-37,2,True
ELOF1,DN,0.04679846937862037,2,True
ELOF1,DPN,0.4149452461553763,2,True
ELOF1,DR,1.0,2,True
EMC2,DN,0.18482196318981448,2,True
EMC2,DPN,1.0,2,True
EMC2,DR,0.00021847423306554288,2,True
EMC3,DN,7.003423704304049e-21,1,False
EMC3,DPN,0.5898242612160209,1,False
EMC3,DR,0.006050455303554756,1,False
EMC4,DN,0.00011759028958918219,2,True
EMC4,DPN,0.0005778837534966033,2,True
EMC4,DR,0.0005092454770079535,2,True
EMC6,DN,1.0,2,True
EMC6,DPN,0.004157606833584654,2,True
EMC6,DR,0.03646116801627908,2,True
EMC7,DN,6.309194078446133e-16,2,True
EMC7,DPN,0.16117922406848748,2,True
EMC7,DR,1.0,2,True
EMC8,DN,3.930502656725076e-10,2,True
EMC8,DPN,0.003624626881094774,2,True
EMC8,DR,1.4695895661165245e-15,2,True
EPN1,DN,1.1521219701177975e-121,2,True
EPN1,DPN,1.1163328927326584e-23,2,True
EPN1,DR,1.1626127502631665e-269,2,True
ERGIC1,DN,5.09822749605205e-12,2,True
ERGIC1,DPN,0.0006975437049294064,2,True
ERGIC1,DR,0.03411874044628662,2,True
ERGIC3,DN,1.8345465678952156e-11,2,True
ERGIC3,DPN,3.761775509424818e-08,2,True
ERGIC3,DR,0.029813407702922623,2,True
ERH,DN,0.0007447297598162178,2,True
ERH,DPN,0.002786011161936665,2,True
ERH,DR,0.0033564108656309703,2,True
ERI3,DN,0.06967430186456515,2,True
ERI3,DPN,0.34191593909787954,2,True
ERI3,DR,0.006048466691291705,2,True
ERLEC1,DN,1.7811456163503456e-55,1,False
ERLEC1,DPN,0.046328852014701556,1,False
ERLEC1,DR,4.866722331011113e-08,1,False
ERP29,DN,1.68777062987381e-10,2,True
ERP29,DPN,0.0011848448655964942,2,True
ERP29,DR,1.8712106355171478e-88,2,True
ETF1,DN,2.4839616450391836e-42,2,True
ETF1,DPN,7.09930914571308e-09,2,True
ETF1,DR,0.007544549989569596,2,True
FAM122A,DN,2.088228276277309e-08,2,True
FAM122A,DPN,1.0,2,True
FAM122A,DR,2.6434810764143273e-14,2,True
FAM160B1,DN,0.1387910178246038,2,True
FAM160B1,DPN,0.026580116300230272,2,True
FAM160B1,DR,1.0,2,True
FAM168A,DN,0.3872950060456697,1,False
FAM168A,DPN,0.6377366732839547,1,False
FAM168A,DR,0.025307782748129306,1,False
FAM192A,DN,3.076493374948258e-95,2,True
FAM192A,DPN,5.7954059958016356e-61,2,True
FAM192A,DR,7.791360252596178e-18,2,True
FAM20B,DN,1.0,2,True
FAM20B,DPN,0.4390089643758198,2,True
FAM20B,DR,0.10932532064566479,2,True
FBL,DN,1.0,2,True
FBL,DPN,0.46805755365431284,2,True
FBL,DR,0.01533029011089848,2,True
FBXL3,DN,2.97211341883893e-05,2,True
FBXL3,DPN,7.408356354961001e-06,2,True
FBXL3,DR,7.994673132007674e-08,2,True
FBXO28,DN,0.41260015147869544,1,True
FBXO28,DPN,0.9494851288664399,1,True
FBXO28,DR,0.5767389631633586,1,True
FBXO42,DN,0.3870601013396544,2,True
FBXO42,DPN,0.000798604973033206,2,True
FBXO42,DR,0.2450163449358512,2,True
FBXW4,DN,0.031243313870229925,2,True
FBXW4,DPN,1.0,2,True
FBXW4,DR,0.0048536237719164835,2,True
FCF1,DN,7.262551682246555e-06,2,True
FCF1,DPN,0.005349729316751574,2,True
FCF1,DR,4.755011102013878e-05,2,True
FEM1B,DN,0.8240358690588954,1,False
FEM1B,DPN,0.009130671204042786,1,False
FEM1B,DR,0.06810511200793426,1,False
FIBP,DN,0.0011516854743374686,2,True
FIBP,DPN,0.10727427226213028,2,True
FIBP,DR,0.04832882018569253,2,True
FIS1,DN,3.5006219289902325e-46,1,True
FIS1,DPN,1.0992319180644447e-57,1,True
FIS1,DR,2.404736534515928e-08,1,True
FIZ1,DN,0.7247431086896317,1,False
FIZ1,DPN,0.31231195084050983,1,False
FIZ1,DR,0.2190814844642878,1,False
FLCN,DN,0.00587312344875736,2,True
FLCN,DPN,0.2608018657151706,2,True
FLCN,DR,0.2796677841971592,2,True
FRG1,DN,0.11181255633320833,1,True
FRG1,DPN,0.9921523021687252,1,True
FRG1,DR,0.026891778319471704,1,True
FTSJ3,DN,1.0,2,True
FTSJ3,DPN,1.0,2,True
FTSJ3,DR,0.23317447439601918,2,True
FUBP3,DN,2.7451947520686716e-22,2,True
FUBP3,DPN,5.554329303411729e-07,2,True
FUBP3,DR,7.530817270402716e-34,2,True
G3BP1,DN,0.0434176019420154,1,False
G3BP1,DPN,0.15750292204536265,1,False
G3BP1,DR,0.0018552684938787643,1,False
G3BP2,DN,0.00035205946332511265,1,False
G3BP2,DPN,0.23349025809840582,1,False
G3BP2,DR,1.925756204285336e-06,1,False
G6PC3,DN,0.013549044687447012,2,True
G6PC3,DPN,1.0,2,True
G6PC3,DR,0.011782970374157096,2,True
GABARAPL2,DN,1.0,2,True
GABARAPL2,DPN,0.15186296945551261,2,True
GABARAPL2,DR,0.038731040371565634,2,True
GATAD1,DN,3.234666067875603e-223,2,True
GATAD1,DPN,0.06936331239298153,2,True
GATAD1,DR,0.0038959220164545595,2,True
GATAD2B,DN,1.0,2,True
GATAD2B,DPN,0.41712211531785326,2,True
GATAD2B,DR,1.0,2,True
GBF1,DN,0.12162841613304524,2,True
GBF1,DPN,0.002911386175308091,2,True
GBF1,DR,1.4973125114401582e-11,2,True
GDI2,DN,1.0,2,True
GDI2,DPN,0.004956645984305559,2,True
GDI2,DR,0.004680208740504477,2,True
GID8,DN,0.029541658759268632,2,True
GID8,DPN,0.047618883245078396,2,True
GID8,DR,0.000357234180522271,2,True
GLE1,DN,0.0,1,True
GLE1,DPN,4.6863991589662216e-24,1,True
GLE1,DR,2.2021662310136318e-51,1,True
GNB1,DN,0.011355035872957128,2,True
GNB1,DPN,0.002055413661517918,2,True
GNB1,DR,0.012617274415404413,2,True
GNL2,DN,0.9127089589766116,1,True
GNL2,DPN,0.02281521836276729,1,True
GNL2,DR,0.8327968883567745,1,True
GNPAT,DN,1.0,2,True
GNPAT,DPN,1.7849480438711646e-05,2,True
GNPAT,DR,3.426824540311016e-05,2,True
GNPTG,DN,2.0200384472167415e-13,2,True
GNPTG,DPN,0.1495019458287829,2,True
GNPTG,DR,2.5478611746323444e-11,2,True
GOLGA3,DN,2.0700812013370325e-15,2,True
GOLGA3,DPN,0.004439958382183085,2,True
GOLGA3,DR,1.7808843766618257e-54,2,True
GOLGA4,DN,0.0008070505701466451,2,True
GOLGA4,DPN,7.312614722036007e-08,2,True
GOLGA4,DR,2.291372772338912e-29,2,True
GOLPH3,DN,9.999999999999999e-301,2,True
GOLPH3,DPN,0.002253527204721663,2,True
GOLPH3,DR,9.999999999999999e-301,2,True
GORASP2,DN,0.009758009796560874,2,True
GORASP2,DPN,1.0,2,True
GORASP2,DR,0.216263169176043,2,True
GOSR2,DN,0.0006464448520297675,2,True
GOSR2,DPN,0.04633428670618525,2,True
GOSR2,DR,0.004649287931211898,2,True
GPBP1,DN,0.001401655289913181,1,True
GPBP1,DPN,0.5614555874200962,1,True
GPBP1,DR,0.008550427988756219,1,True
GPI,DN,1.0,2,True
GPI,DPN,4.335767463962604e-07,2,True
GPI,DR,0.24887901009765426,2,True
GPN2,DN,0.004086221993239842,1,False
GPN2,DPN,0.3304791982757937,1,False
GPN2,DR,0.011747403675101577,1,False
GPN3,DN,0.015522362923218787,1,False
GPN3,DPN,0.8562150032297353,1,False
GPN3,DR,0.0032964944970089952,1,False
GSK3A,DN,1.4610965957177468e-06,2,True
GSK3A,DPN,0.0016572555676111127,2,True
GSK3A,DR,1.804044969306249e-54,2,True
GSPT1,DN,6.454179872805516e-26,2,True
GSPT1,DPN,2.0774252470023905e-72,2,True
GSPT1,DR,4.2972683159922106e-14,2,True
GSTO1,DN,5.1611285008206506e-11,2,True
GSTO1,DPN,6.455337221239769e-14,2,True
GSTO1,DR,6.713095245555333e-06,2,True
GTF2E2,DN,0.7051943184171122,1,True
GTF2E2,DPN,0.5656277463517636,1,True
GTF2E2,DR,0.11219206366710158,1,True
GTF2F1,DN,2.6366973184645184e-07,2,True
GTF2F1,DPN,6.364757762922293e-33,2,True
GTF2F1,DR,1.0983022323104143e-07,2,True
GTF2F2,DN,1.539451478262097e-30,2,True
GTF2F2,DPN,5.570820824065419e-06,2,True
GTF2F2,DR,0.08642240429572999,2,True
GTF3A,DN,0.004811379985069117,2,True
GTF3A,DPN,0.001042172298864505,2,True
GTF3A,DR,0.0018919456780651872,2,True
GTF3C3,DN,1.47541262351014e-19,2,True
GTF3C3,DPN,0.15580729155412862,2,True
GTF3C3,DR,4.121135442905342e-33,2,True
GTF3C6,DN,1.1699730986472027e-05,2,True
GTF3C6,DPN,0.2872329181377576,2,True
GTF3C6,DR,0.002311455533050361,2,True
GTPBP1,DN,9.999999999999999e-301,2,True
GTPBP1,DPN,1.1204076978803901e-66,2,True
GTPBP1,DR,9.999999999999999e-301,2,True
GUK1,DN,1.0,2,True
GUK1,DPN,6.993088247917508e-05,2,True
GUK1,DR,0.004874311947804783,2,True
H3F3B,DN,0.6355569254736466,1,False
H3F3B,DPN,0.015019948253284267,1,False
H3F3B,DR,0.0012456384832999752,1,False
HAT1,DN,0.01587402432112836,1,True
HAT1,DPN,0.4749284757051664,1,True
HAT1,DR,0.359444649871781,1,True
HDLBP,DN,6.789389370105233e-08,2,True
HDLBP,DPN,0.1330266550246777,2,True
HDLBP,DR,2.2692978126450964e-05,2,True
HERPUD2,DN,1.0,2,True
HERPUD2,DPN,1.0,2,True
HERPUD2,DR,0.3450988237675737,2,True
HGS,DN,2.555821157495286e-22,2,True
HGS,DPN,3.5819003541759513e-132,2,True
HGS,DR,6.262038474963013e-07,2,True
HINT1,DN,1.1681189779030737e-33,2,True
HINT1,DPN,7.333116352302505e-18,2,True
HINT1,DR,3.878027184670551e-08,2,True
HIPK1,DN,2.849124701710809e-08,2,True
HIPK1,DPN,0.3661438273172328,2,True
HIPK1,DR,1.004277580146827e-15,2,True
HMGXB3,DN,3.5862618727011e-05,2,True
HMGXB3,DPN,7.817391707859542e-15,2,True
HMGXB3,DR,0.0021749432734225267,2,True
HNRNPD,DN,0.00868046260700908,1,False
HNRNPD,DPN,0.0012502049924480692,1,False
HNRNPD,DR,0.9321114277362166,1,False
HNRNPM,DN,1.159352718624768e-09,1,True
HNRNPM,DPN,0.028368733227719697,1,True
HNRNPM,DR,0.856885228130765,1,True
HP1BP3,DN,4.5647349731005973e-26,2,True
HP1BP3,DPN,0.0029216155042072174,2,True
HP1BP3,DR,5.018515357301703e-21,2,True
HSBP1,DN,0.22560581505561184,2,True
HSBP1,DPN,1.0,2,True
HSBP1,DR,0.0035160998735291253,2,True
HSF1,DN,7.448203953135918e-07,2,True
HSF1,DPN,5.9180661684450095e-15,2,True
HSF1,DR,2.563410025397939e-13,2,True
HTT,DN,1.0,2,True
HTT,DPN,0.10950423090550364,2,True
HTT,DR,1.0,2,True
ICMT,DN,8.787981030234842e-49,1,False
ICMT,DPN,7.666007546711542e-09,1,False
ICMT,DR,0.7957974559478,1,False
IER3IP1,DN,0.03663578735500291,2,True
IER3IP1,DPN,1.0,2,True
IER3IP1,DR,1.0,2,True
IK,DN,0.007500880044353601,2,True
IK,DPN,6.9383014859855e-24,2,True
IK,DR,2.1870473542320644e-15,2,True
ILKAP,DN,1.7595800533667343e-07,2,True
ILKAP,DPN,3.3895506911394445e-23,2,True
ILKAP,DR,0.0047450861521029595,2,True
INTS10,DN,1.0,2,True
INTS10,DPN,0.08056407824797582,2,True
INTS10,DR,0.19555691691680582,2,True
INTS12,DN,0.00039183079472086097,2,True
INTS12,DPN,1.5779640206224467e-29,2,True
INTS12,DR,7.019460922029878e-10,2,True
IPO8,DN,4.7866503659574694e-08,2,True
IPO8,DPN,1.0,2,True
IPO8,DR,0.004151100587359098,2,True
IPO9,DN,0.0006253350962383965,2,True
IPO9,DPN,1.0,2,True
IPO9,DR,0.00022512834164760209,2,True
ISCU,DN,4.629360269295608e-32,1,False
ISCU,DPN,1.5743042944339915e-42,1,False
ISCU,DR,5.6714410948820505e-08,1,False
ITCH,DN,0.13236678979248487,1,True
ITCH,DPN,0.6287674685772131,1,True
ITCH,DR,0.35998807495522245,1,True
IWS1,DN,1.4503883002574214e-08,2,True
IWS1,DPN,1.0,2,True
IWS1,DR,9.759353992622372e-33,2,True
JAGN1,DN,0.29134830740742057,1,True
JAGN1,DPN,0.6619473232246665,1,True
JAGN1,DR,0.28339710053013734,1,True
JAK1,DN,3.4163273963396666e-18,2,True
JAK1,DPN,9.952688211686067e-23,2,True
JAK1,DR,0.19914592140367515,2,True
JOSD1,DN,0.004319939767437827,1,False
JOSD1,DPN,0.8377186434987353,1,False
JOSD1,DR,0.013207136378410483,1,False
KARS,DN,0.002657626770627603,2,True
KARS,DPN,6.034354344246942e-06,2,True
KARS,DR,1.688764564986889e-05,2,True
KAT8,DN,0.058528345575805114,2,True
KAT8,DPN,1.0,2,True
KAT8,DR,0.06241767219319615,2,True
KBTBD2,DN,2.139720449095038e-06,2,True
KBTBD2,DPN,1.0,2,True
KBTBD2,DR,4.045572958324347e-08,2,True
KCMF1,DN,1.0,2,True
KCMF1,DPN,1.0,2,True
KCMF1,DR,1.0,2,True
KCTD20,DN,5.582694349051938e-104,2,True
KCTD20,DPN,0.002326994467866016,2,True
KCTD20,DR,0.004335234412790703,2,True
KCTD5,DN,0.00019916502931269762,1,False
KCTD5,DPN,0.5196121389038085,1,False
KCTD5,DR,1.7974025816741805e-06,1,False
KDELR2,DN,0.111411780599462,2,True
KDELR2,DPN,0.0005886516964741377,2,True
KDELR2,DR,1.0,2,True
KDM1A,DN,0.588823503957761,1,True
KDM1A,DPN,0.08134042740694318,1,True
KDM1A,DR,0.001039022442815454,1,True
KDM4B,DN,6.237490687492958e-19,1,True
KDM4B,DPN,1.0091963425880657e-41,1,True
KDM4B,DR,1.4207258706276073e-17,1,True
KHSRP,DN,0.13620535243630602,2,True
KHSRP,DPN,0.07127596588035716,2,True
KHSRP,DR,0.0031295100897680006,2,True
KIF1BP,DN,0.0006450868430024297,1,True
KIF1BP,DPN,0.5306052539543384,1,True
KIF1BP,DR,0.0607480276538077,1,True
KPNA1,DN,9.999999999999999e-301,2,True
KPNA1,DPN,1.6789370322887488e-75,2,True
KPNA1,DR,3.956326310123352e-145,2,True
KPNA3,DN,0.0022069439848272634,2,True
KPNA3,DPN,3.8744624875701515e-44,2,True
KPNA3,DR,4.4400049615505204e-29,2,True
KPNA4,DN,0.22560308099129714,2,True
KPNA4,DPN,1.0,2,True
KPNA4,DR,0.22287421267075666,2,True
KPNA6,DN,0.03320911332595214,2,True
KPNA6,DPN,0.0005920286271026978,2,True
KPNA6,DR,0.0002066942086331578,2,True
KXD1,DN,0.12074285647417776,2,True
KXD1,DPN,0.31117678176923297,2,True
KXD1,DR,1.1887958961740938e-08,2,True
LAMTOR5,DN,1.0,2,True
LAMTOR5,DPN,0.09861608118764954,2,True
LAMTOR5,DR,0.12115071084497105,2,True
LARP1,DN,0.709669093810293,1,False
LARP1,DPN,0.656331878026373,1,False
LARP1,DR,0.5109853068634165,1,False
LARP4B,DN,0.33211959929850166,2,True
LARP4B,DPN,0.008087109399574409,2,True
LARP4B,DR,0.014770929657896103,2,True
LARS,DN,0.05184541006037028,1,False
LARS,DPN,0.023563760259480312,1,False
LARS,DR,0.6162182323787893,1,False
LDB1,DN,0.02735530524838028,2,True
LDB1,DPN,0.03334681111106847,2,True
LDB1,DR,0.0004101832084451425,2,True
LEMD2,DN,1.222912396624563e-06,2,True
LEMD2,DPN,3.5713264735428385e-05,2,True
LEMD2,DR,1.2210664592076496e-28,2,True
LENG1,DN,3.835830038684403e-09,1,True
LENG1,DPN,0.6767777723495856,1,True
LENG1,DR,2.4864154489472094e-24,1,True
LENG8,DN,0.004826010877003419,2,True
LENG8,DPN,0.0020182503179012124,2,True
LENG8,DR,0.006406407739268312,2,True
LMAN1,DN,0.21326540757466386,1,False
LMAN1,DPN,0.1811216620048972,1,False
LMAN1,DR,0.5982597550944486,1,False
LMAN2,DN,0.04207908708488435,2,True
LMAN2,DPN,0.00010253577146349871,2,True
LMAN2,DR,0.0006396688947289796,2,True
LMF2,DN,4.731646367821354e-19,2,True
LMF2,DPN,5.420407082252696e-06,2,True
LMF2,DR,0.004662996947686481,2,True
LONP1,DN,0.3568750092285654,2,True
LONP1,DPN,0.24982068660483497,2,True
LONP1,DR,0.031498741322588626,2,True
LRPAP1,DN,0.5453671771130322,1,True
LRPAP1,DPN,0.23112142312139958,1,True
LRPAP1,DR,0.9527846825963786,1,True
LRRC41,DN,0.31217436869650794,1,False
LRRC41,DPN,0.23489337994281298,1,False
LRRC41,DR,0.32389419444278966,1,False
LSM12,DN,1.4760944811210732e-19,2,True
LSM12,DPN,6.208370583017981e-60,2,True
LSM12,DR,5.022632937995822e-22,2,True
LSM14A,DN,6.120224739526787e-05,2,True
LSM14A,DPN,9.42154911410005e-09,2,True
LSM14A,DR,2.152051686783264e-23,2,True
LSM14B,DN,2.7488844972851143e-06,2,True
LSM14B,DPN,0.13941663218818395,2,True
LSM14B,DR,0.11910803672442363,2,True
LSM4,DN,3.865130330925576e-67,1,False
LSM4,DPN,0.04659409970873316,1,False
LSM4,DR,3.4367826715206523e-09,1,False
LUC7L3,DN,0.7594866168942129,1,False
LUC7L3,DPN,0.47951353087927995,1,False
LUC7L3,DR,0.2772948957990267,1,False
MAN1A2,DN,2.41043353868899e-09,2,True
MAN1A2,DPN,1.535350277311307e-24,2,True
MAN1A2,DR,0.0015323415986868091,2,True
MAP2K1,DN,0.07403247273793416,1,True
MAP2K1,DPN,4.337734279251823e-09,1,True
MAP2K1,DR,4.3770442874483374e-07,1,True
MAP2K2,DN,6.8128544509088996e-12,2,True
MAP2K2,DPN,0.0008314453065768825,2,True
MAP2K2,DR,8.775891669061457e-36,2,True
MAPK1,DN,0.019838490632916168,1,True
MAPK1,DPN,0.9899728886024048,1,True
MAPK1,DR,0.4518272233924188,1,True
MAPK1IP1L,DN,0.020119915347446234,2,True
MAPK1IP1L,DPN,0.02293874435852476,2,True
MAPK1IP1L,DR,1.0,2,True
MAPK8IP3,DN,0.0036549199317689155,1,False
MAPK8IP3,DPN,1.9548898343428024e-05,1,False
MAPK8IP3,DR,0.5248550413478119,1,False
MAPRE1,DN,1.0438940539318235e-07,1,True
MAPRE1,DPN,0.6209952774193497,1,True
MAPRE1,DR,0.20780306914224544,1,True
MARCH5,DN,0.007335279600293745,2,True
MARCH5,DPN,1.0,2,True
MARCH5,DR,1.0,2,True
MAU2,DN,6.064583545962967e-24,1,False
MAU2,DPN,1.7805993802303644e-08,1,False
MAU2,DR,1.1728112143030681e-27,1,False
MAX,DN,2.880067214154936e-06,2,True
MAX,DPN,0.0003363278990429318,2,True
MAX,DR,0.011961339997451203,2,True
MCMBP,DN,0.00011351594372373384,2,True
MCMBP,DPN,1.4810179234044917e-07,2,True
MCMBP,DR,0.0006805335057756189,2,True
MCRS1,DN,0.08430496886358721,1,True
MCRS1,DPN,7.011601488525188e-14,1,True
MCRS1,DR,0.24229022877079306,1,True
MEA1,DN,0.10040012745520224,2,True
MEA1,DPN,0.023326723193647477,2,True
MEA1,DR,0.06648293554145229,2,True
MED10,DN,0.026689321204361932,2,True
MED10,DPN,0.00229937030941995,2,True
MED10,DR,1.4504124093723878e-06,2,True
MED21,DN,3.9826687410263563e-26,2,True
MED21,DPN,2.7617273853764503e-30,2,True
MED21,DR,1.9914192741891338e-07,2,True
MED25,DN,0.2143048482186258,2,True
MED25,DPN,0.4011356191747917,2,True
MED25,DR,0.00043010318564824475,2,True
MED28,DN,0.8352595235162167,1,False
MED28,DPN,0.873430490300617,1,False
MED28,DR,0.05673187564093852,1,False
MED4,DN,0.001538995903118396,2,True
MED4,DPN,1.5062969358413393e-06,2,True
MED4,DR,2.066744508633385e-05,2,True
MED9,DN,1.0,2,True
MED9,DPN,0.024948409345851144,2,True
MED9,DR,0.027136526612561575,2,True
METTL9,DN,2.2213428266002958e-07,2,True
METTL9,DPN,1.0683880185994958e-06,2,True
METTL9,DR,1.5600819868934383e-06,2,True
MFN2,DN,0.548829136228574,1,False
MFN2,DPN,0.5586473152388958,1,False
MFN2,DR,0.17624758959919753,1,False
MFSD14A,DN,0.24985247275068329,2,True
MFSD14A,DPN,2.2351600350336143e-06,2,True
MFSD14A,DR,1.5115373293831499e-25,2,True
MGRN1,DN,0.005148062380979936,2,True
MGRN1,DPN,0.0011183732828233923,2,True
MGRN1,DR,0.029576815204651923,2,True
MKRN2,DN,2.294903590845909e-11,2,True
MKRN2,DPN,0.0030778432226580147,2,True
MKRN2,DR,2.136912696362381e-08,2,True
MLEC,DN,4.413605129836735e-107,2,True
MLEC,DPN,3.0660853727361133e-43,2,True
MLEC,DR,3.822008785319511e-60,2,True
MLF2,DN,0.0037310790565118586,2,True
MLF2,DPN,0.001567482124164323,2,True
MLF2,DR,1.0,2,True
MORC2,DN,1.0,2,True
MORC2,DPN,0.000406336095240975,2,True
MORC2,DR,0.025183626694762366,2,True
MPHOSPH10,DN,0.4175148983887572,2,True
MPHOSPH10,DPN,1.0,2,True
MPHOSPH10,DR,0.0014250680220913702,2,True
MRTO4,DN,1.800464063589868e-10,2,True
MRTO4,DPN,1.0,2,True
MRTO4,DR,0.0002879510834967859,2,True
MSL1,DN,0.0011766075154514876,2,True
MSL1,DPN,8.689363485122824e-06,2,True
MSL1,DR,3.9164886641436237e-11,2,True
MSL2,DN,0.28638655531492924,1,True
MSL2,DPN,0.052784109686330995,1,True
MSL2,DR,0.24948125826151407,1,True
MTCH1,DN,0.0002150503927614057,2,True
MTCH1,DPN,0.08843351582712751,2,True
MTCH1,DR,0.15313927184471532,2,True
MTDH,DN,4.9319185829866486e-06,2,True
MTDH,DPN,5.371991025350276e-23,2,True
MTDH,DR,6.747019099899552e-20,2,True
MTOR,DN,0.23518383070765142,1,False
MTOR,DPN,0.30339651476295765,1,False
MTOR,DR,0.0011639495287261022,1,False
MTPN,DN,0.0009304106226252812,1,False
MTPN,DPN,0.0010226353848904956,1,False
MTPN,DR,0.7347302330864915,1,False
MYCBP2,DN,9.117170074426756e-17,1,True
MYCBP2,DPN,6.859198550180774e-05,1,True
MYCBP2,DR,2.604553659478179e-12,1,True
MYDGF,DN,6.290261830912796e-20,2,True
MYDGF,DPN,1.0,2,True
MYDGF,DR,5.908066370708651e-29,2,True
NACA,DN,1.0,2,True
NACA,DPN,1.0,2,True
NACA,DR,0.10444240959021475,2,True
NAP1L1,DN,0.03568659578528564,2,True
NAP1L1,DPN,0.34549142399710314,2,True
NAP1L1,DR,1.0,2,True
NAP1L4,DN,2.421117906289911e-05,1,True
NAP1L4,DPN,3.4695489858512235e-19,1,True
NAP1L4,DR,0.04335756239092189,1,True
NAPA,DN,0.21359052832395126,2,True
NAPA,DPN,1.0,2,True
NAPA,DR,0.0011276086428252592,2,True
NAPG,DN,0.141332284760123,2,True
NAPG,DPN,0.10579630836105736,2,True
NAPG,DR,0.03826119799868529,2,True
NARS,DN,0.03876015387559508,2,True
NARS,DPN,0.02297629591739396,2,True
NARS,DR,0.042321000756192606,2,True
NAT10,DN,1.1545925069817638e-16,1,False
NAT10,DPN,0.5791250327899007,1,False
NAT10,DR,2.718672960680344e-07,1,False
NCBP1,DN,0.630151691602051,1,True
NCBP1,DPN,0.26027559622676255,1,True
NCBP1,DR,0.027525640493942054,1,True
NCBP2,DN,2.0622914371080418e-22,1,False
NCBP2,DPN,5.690150009098911e-66,1,False
NCBP2,DR,4.056759740572897e-14,1,False
NCOA5,DN,5.966106566776739e-05,1,False
NCOA5,DPN,0.008851347134779803,1,False
NCOA5,DR,0.06618655270031383,1,False
NDUFAF2,DN,0.05741939216555503,2,True
NDUFAF2,DPN,0.00025665546068724,2,True
NDUFAF2,DR,4.472206596989485e-08,2,True
NDUFB8,DN,0.0007544970765195252,2,True
NDUFB8,DPN,0.37641033588556416,2,True
NDUFB8,DR,3.6093206756135018e-06,2,True
NELFB,DN,0.12658738704297565,2,True
NELFB,DPN,0.01242538254592454,2,True
NELFB,DR,0.0001601063692461047,2,True
NFYB,DN,0.004655723626910979,2,True
NFYB,DPN,1.3136318146915721e-14,2,True
NFYB,DR,1.0,2,True
NGDN,DN,5.785503473419536e-146,2,True
NGDN,DPN,1.273706076093735e-16,2,True
NGDN,DR,1.474563178582949e-24,2,True
NMD3,DN,0.00011552702933736169,2,True
NMD3,DPN,2.724110832968603e-16,2,True
NMD3,DR,0.016722565057593845,2,True
NOP14,DN,0.37675484943541465,1,False
NOP14,DPN,0.28470588130461977,1,False
NOP14,DR,0.9755849968183441,1,False
NOP9,DN,1.108164992781888e-06,2,True
NOP9,DPN,0.22051039257572594,2,True
NOP9,DR,1.1887890754707491e-08,2,True
NOSIP,DN,0.0001561331223381454,1,True
NOSIP,DPN,0.00035728635189695744,1,True
NOSIP,DR,0.002081786241393621,1,True
NPEPPS,DN,0.0018059577340228392,2,True
NPEPPS,DPN,0.006497443594222488,2,True
NPEPPS,DR,0.0004380853758134618,2,True
NPLOC4,DN,0.15666412220381262,2,True
NPLOC4,DPN,0.1793291377770823,2,True
NPLOC4,DR,1.3726078870310602e-06,2,True
NRBP1,DN,0.005394221023092134,2,True
NRBP1,DPN,1.0,2,True
NRBP1,DR,0.07340575024965199,2,True
NSA2,DN,3.346502475093046e-08,2,True
NSA2,DPN,0.04619776694770514,2,True
NSA2,DR,3.0701129539889977e-19,2,True
NSMCE1,DN,0.0027624353399885383,2,True
NSMCE1,DPN,0.2781029625465111,2,True
NSMCE1,DR,8.281799754358554e-16,2,True
NSMCE4A,DN,0.0050166330511019165,2,True
NSMCE4A,DPN,5.024342061141777e-06,2,True
NSMCE4A,DR,1.4435355689585218e-06,2,True
NT5C2,DN,0.00022686659797203893,1,False
NT5C2,DPN,0.0011887737548454975,1,False
NT5C2,DR,2.59517482451186e-25,1,False
NUCKS1,DN,0.15197133881701988,2,True
NUCKS1,DPN,0.14451883725711534,2,True
NUCKS1,DR,0.14760519136051517,2,True
NUDC,DN,2.2555078214076042e-07,1,True
NUDC,DPN,3.8564524040241605e-68,1,True
NUDC,DR,4.075954411687946e-94,1,True
NUDT16L1,DN,3.1619263876939494e-06,2,True
NUDT16L1,DPN,7.545738989400512e-09,2,True
NUDT16L1,DR,0.008799231556833893,2,True
NUDT21,DN,1.3804396170522656e-07,2,True
NUDT21,DPN,2.8931309415474237e-13,2,True
NUDT21,DR,1.165436597377522e-05,2,True
NUDT9,DN,1.0,2,True
NUDT9,DPN,0.00019767130090273753,2,True
NUDT9,DR,0.1478204761921479,2,True
NUFIP2,DN,0.0030722640731587394,2,True
NUFIP2,DPN,0.086379309095945,2,True
NUFIP2,DR,0.02584096445107548,2,True
NUMA1,DN,0.030727329607336526,2,True
NUMA1,DPN,0.4941028323019796,2,True
NUMA1,DR,0.011439856578275483,2,True
NUP133,DN,6.853559629888612e-07,1,True
NUP133,DPN,0.5777860735129317,1,True
NUP133,DR,0.060878706370627055,1,True
NUS1,DN,1.8381413003814471e-09,2,True
NUS1,DPN,0.008452164396431717,2,True
NUS1,DR,1.398681742140231e-06,2,True
OS9,DN,1.0,2,True
OS9,DPN,0.01232103480778633,2,True
OS9,DR,0.0018751684472154333,2,True
OTUB1,DN,4.553388119483429e-15,2,True
OTUB1,DPN,1.5875715396857557e-05,2,True
OTUB1,DR,0.00048381724900323827,2,True
OXSR1,DN,4.355416008290613e-26,1,True
OXSR1,DPN,3.6449035333494315e-10,1,True
OXSR1,DR,1.0919792513370198e-21,1,True
P4HB,DN,0.6372725421785357,1,False
P4HB,DPN,0.17018360253857953,1,False
P4HB,DR,0.031274715687345044,1,False
PA2G4,DN,8.845324277810666e-20,2,True
PA2G4,DPN,0.00539076285116152,2,True
PA2G4,DR,5.361175058830808e-14,2,True
PACS1,DN,0.31566350242737323,2,True
PACS1,DPN,0.053929997023548365,2,True
PACS1,DR,1.5381954448590302e-09,2,True
PACSIN2,DN,0.023653187243400018,2,True
PACSIN2,DPN,1.5441025524016943e-13,2,True
PACSIN2,DR,3.8749258653464314e-15,2,True
PAF1,DN,7.024614497115608e-09,2,True
PAF1,DPN,5.5323310972754666e-05,2,True
PAF1,DR,0.2340006526959272,2,True
PAFAH1B1,DN,5.433975140756667e-43,2,True
PAFAH1B1,DPN,7.376318439536369e-05,2,True
PAFAH1B1,DR,2.5940373211481088e-14,2,True
PAFAH1B2,DN,1.0270615456139003e-61,2,True
PAFAH1B2,DPN,2.8039007691276314e-24,2,True
PAFAH1B2,DR,4.206145016917954e-32,2,True
PARK7,DN,0.009071873548283059,2,True
PARK7,DPN,0.000515814485133301,2,True
PARK7,DR,1.0,2,True
PARN,DN,1.5367298543029256e-30,2,True
PARN,DPN,8.369418503683083e-06,2,True
PARN,DR,2.900837037343117e-137,2,True
PARP1,DN,0.01135086351570408,2,True
PARP1,DPN,2.558962150271248e-08,2,True
PARP1,DR,1.0,2,True
PATL1,DN,9.999999999999999e-301,2,True
PATL1,DPN,2.9151988862534313e-126,2,True
PATL1,DR,9.999999999999999e-301,2,True
PCGF3,DN,0.00738312809406913,2,True
PCGF3,DPN,2.4528327129087968e-08,2,True
PCGF3,DR,3.866564212081302e-06,2,True
PCIF1,DN,3.159971191091278e-08,2,True
PCIF1,DPN,3.4145053123446313e-10,2,True
PCIF1,DR,3.710656545680535e-13,2,True
PCMT1,DN,1.0,2,True
PCMT1,DPN,0.10894500963757241,2,True
PCMT1,DR,0.02114744814052462,2,True
PCMTD2,DN,6.174133175292306e-05,2,True
PCMTD2,DPN,0.041844135666338995,2,True
PCMTD2,DR,5.15029798958786e-07,2,True
PCSK7,DN,0.0793133180183195,1,False
PCSK7,DPN,0.022355534116651688,1,False
PCSK7,DR,0.22056429078050618,1,False
PCYOX1,DN,6.371438126750902e-30,2,True
PCYOX1,DPN,8.42298406735927e-24,2,True
PCYOX1,DR,5.131724181505288e-298,2,True
PDAP1,DN,6.974375156833718e-06,2,True
PDAP1,DPN,1.490344902273037e-09,2,True
PDAP1,DR,4.013997258738256e-24,2,True
PFDN2,DN,0.04692579124566266,2,True
PFDN2,DPN,0.00011150143307661654,2,True
PFDN2,DR,0.003611234944391888,2,True
PGAM5,DN,5.305359210094666e-35,2,True
PGAM5,DPN,4.407938833668626e-12,2,True
PGAM5,DR,3.39242469531613e-53,2,True
PGRMC2,DN,5.627853539364754e-07,2,True
PGRMC2,DPN,2.015684128193155e-09,2,True
PGRMC2,DR,2.0389477015981888e-05,2,True
PHF12,DN,0.15348048603376646,2,True
PHF12,DPN,9.47786412226094e-05,2,True
PHF12,DR,1.7982364021545445e-07,2,True
PHRF1,DN,9.065263469630759e-07,2,True
PHRF1,DPN,3.511610247507936e-07,2,True
PHRF1,DR,3.738041790257668e-09,2,True
PIGH,DN,7.631047120121233e-11,2,True
PIGH,DPN,7.918363367905146e-27,2,True
PIGH,DR,3.0722439624281376e-51,2,True
PIP5K1C,DN,0.13616539230508767,1,False
PIP5K1C,DPN,0.0011778591715943516,1,False
PIP5K1C,DR,0.001173429052074841,1,False
PMPCA,DN,1.5768138795733386e-05,2,True
PMPCA,DPN,1.7535503369679955e-06,2,True
PMPCA,DR,1.629722626414088e-08,2,True
PNO1,DN,0.26851208311299873,2,True
PNO1,DPN,0.01071991475253333,2,True
PNO1,DR,0.08943968498057012,2,True
POFUT1,DN,0.16765958232020067,2,True
POFUT1,DPN,0.3436554368486489,2,True
POFUT1,DR,0.005038016728839325,2,True
POLD2,DN,9.999999999999999e-301,2,True
POLD2,DPN,4.999999999999999e-301,2,True
POLD2,DR,4.999999999999999e-301,2,True
POLE3,DN,9.34217424723078e-16,2,True
POLE3,DPN,1.0,2,True
POLE3,DR,0.0466627988286011,2,True
POLR2C,DN,2.850191944132634e-47,2,True
POLR2C,DPN,7.137272094565212e-59,2,True
POLR2C,DR,6.074064079938362e-07,2,True
POLR2J,DN,6.719896745563968e-60,1,False
POLR2J,DPN,0.6410274491675908,1,False
POLR2J,DR,1.5871349517143194e-63,1,False
POLR2K,DN,0.3420317883130896,2,True
POLR2K,DPN,0.0034871912422462605,2,True
POLR2K,DR,0.002935661791033759,2,True
POLR3C,DN,0.19391558776451176,1,False
POLR3C,DPN,0.382030174022338,1,False
POLR3C,DR,0.0007239786775685193,1,False
POP7,DN,3.3982846734782436e-10,2,True
POP7,DPN,0.017068368416469495,2,True
POP7,DR,0.003054953145743023,2,True
PPIB,DN,0.11356652089910008,1,False
PPIB,DPN,0.5088440972884141,1,False
PPIB,DR,0.7875151892866178,1,False
PPID,DN,0.0009579727936345224,2,True
PPID,DPN,0.0017570753833820467,2,True
PPID,DR,0.009827830544507084,2,True
PPP1CC,DN,6.004343284102845e-23,1,False
PPP1CC,DPN,0.003988852602778046,1,False
PPP1CC,DR,2.854759083743083e-16,1,False
PPP1R11,DN,9.742160657627036e-05,2,True
PPP1R11,DPN,0.1707492018548486,2,True
PPP1R11,DR,1.5276165716677684e-08,2,True
PPP1R37,DN,0.00028930101746549774,2,True
PPP1R37,DPN,0.017833843022688638,2,True
PPP1R37,DR,0.0643558527396018,2,True
PPP2CB,DN,9.999999999999999e-301,2,True
PPP2CB,DPN,1.512893970472618e-220,2,True
PPP2CB,DR,7.911797831428348e-176,2,True
PPP2R5A,DN,2.2072496586428784e-14,2,True
PPP2R5A,DPN,4.903213799815038e-12,2,True
PPP2R5A,DR,1.979506686644722e-16,2,True
PPP2R5C,DN,1.4865482758863325e-28,1,False
PPP2R5C,DPN,0.000841988680811528,1,False
PPP2R5C,DR,0.21361299919586288,1,False
PPP2R5E,DN,4.2446703281708236e-07,2,True
PPP2R5E,DPN,0.0017666050412933007,2,True
PPP2R5E,DR,0.012164684574363049,2,True
PPP5C,DN,0.0053572547054902475,1,True
PPP5C,DPN,0.030882543892078732,1,True
PPP5C,DR,0.010415958923697054,1,True
PPP6C,DN,1.0,2,True
PPP6C,DPN,1.0,2,True
PPP6C,DR,0.17692978401056828,2,True
PPP6R1,DN,0.0589073880251162,2,True
PPP6R1,DPN,1.0,2,True
PPP6R1,DR,2.36921398550016e-08,2,True
PPP6R2,DN,0.0024622349046989453,2,True
PPP6R2,DPN,0.0007041304566726836,2,True
PPP6R2,DR,0.021611915672730686,2,True
PPT1,DN,0.01786782317618711,2,True
PPT1,DPN,0.0016864366417100232,2,True
PPT1,DR,0.0014257214721093985,2,True
PPTC7,DN,5.55771195371666e-31,1,True
PPTC7,DPN,0.2821389387506973,1,True
PPTC7,DR,1.2557304900567933e-22,1,True
PRCC,DN,0.06696290106652604,1,True
PRCC,DPN,0.2782487845831769,1,True
PRCC,DR,0.0003348217823066508,1,True
PRDM4,DN,0.00035546715871450767,2,True
PRDM4,DPN,9.247122973500931e-08,2,True
PRDM4,DR,0.11588286437224705,2,True
PRDX5,DN,4.797120985540852e-17,2,True
PRDX5,DPN,1.0,2,True
PRDX5,DR,1.0409861657094845e-09,2,True
PREB,DN,0.010179885625574678,2,True
PREB,DPN,5.374980319164103e-18,2,True
PREB,DR,0.2889941816570558,2,True
PREP,DN,3.038771901549887e-08,2,True
PREP,DPN,6.171284993230148e-07,2,True
PREP,DR,8.1339958985551e-25,2,True
PRKAA1,DN,0.02031641030379031,2,True
PRKAA1,DPN,0.0005416903229652212,2,True
PRKAA1,DR,0.0025355130901513526,2,True
PRKAR1A,DN,1.7228141297908554e-09,2,True
PRKAR1A,DPN,5.01092049523297e-06,2,True
PRKAR1A,DR,1.068138566194156e-07,2,True
PRKAR2A,DN,5.895947642612804e-06,2,True
PRKAR2A,DPN,0.3202035394052893,2,True
PRKAR2A,DR,2.3041934313391625e-12,2,True
PRKCSH,DN,0.2495059208034811,2,True
PRKCSH,DPN,1.2353598265772555e-05,2,True
PRKCSH,DR,1.3666699208584589e-19,2,True
PRKRA,DN,1.292964345255323e-37,2,True
PRKRA,DPN,2.925652221897522e-19,2,True
PRKRA,DR,5.6857714561712705e-06,2,True
PRPF18,DN,0.9302366623598698,1,False
PRPF18,DPN,0.12025220722363734,1,False
PRPF18,DR,0.27900796596695276,1,False
PRPF19,DN,0.3852093987385478,1,True
PRPF19,DPN,0.20243376055968518,1,True
PRPF19,DR,0.43218055041872727,1,True
PRPF38A,DN,5.165376883155073e-19,1,False
PRPF38A,DPN,6.407446378401959e-08,1,False
PRPF38A,DR,8.457798397278917e-09,1,False
PRPSAP1,DN,0.0035530700283799496,2,True
PRPSAP1,DPN,0.07858815246833818,2,True
PRPSAP1,DR,3.0246404746312185e-14,2,True
PSMA2,DN,1.249988148827357e-05,2,True
PSMA2,DPN,2.719493424648295e-10,2,True
PSMA2,DR,1.2523935372597973e-31,2,True
PSMA6,DN,1.0,2,True
PSMA6,DPN,1.0,2,True
PSMA6,DR,0.011184531172631917,2,True
PSMA7,DN,6.064723210979655e-13,2,True
PSMA7,DPN,0.003664061960087583,2,True
PSMA7,DR,2.1480592461179474e-14,2,True
PSMB1,DN,3.132616894933491e-05,2,True
PSMB1,DPN,1.0,2,True
PSMB1,DR,0.00020649394793184953,2,True
PSMB2,DN,0.6016276624425847,1,False
PSMB2,DPN,1.5573179256980186e-07,1,False
PSMB2,DR,3.1150627020779114e-05,1,False
PSMB4,DN,0.2827039141686108,2,True
PSMB4,DPN,0.002625972946492699,2,True
PSMB4,DR,0.0010654590368891655,2,True
PSMB7,DN,2.187285947600299e-15,2,True
PSMB7,DPN,0.052734839558098476,2,True
PSMB7,DR,2.1575563373644704e-06,2,True
PSMC1,DN,0.09676616485901865,2,True
PSMC1,DPN,0.1609689667691383,2,True
PSMC1,DR,0.05885642499336303,2,True
PSMC3,DN,0.015987585697332996,2,True
PSMC3,DPN,0.08615350027092988,2,True
PSMC3,DR,0.02869109190457897,2,True
PSMC5,DN,2.72338760312256e-12,2,True
PSMC5,DPN,0.12125544863475897,2,True
PSMC5,DR,3.492565451395044e-14,2,True
PSMD11,DN,1.0,2,True
PSMD11,DPN,0.39697214290572075,2,True
PSMD11,DR,0.01984873611081582,2,True
PSMD3,DN,0.007525714421629085,2,True
PSMD3,DPN,4.4812204948585967e-07,2,True
PSMD3,DR,6.520212111618828e-24,2,True
PSMD4,DN,0.0001483442943648916,2,True
PSMD4,DPN,0.03485676501428421,2,True
PSMD4,DR,0.2539466809917523,2,True
PSMD8,DN,1.357951498216223e-05,2,True
PSMD8,DPN,7.001271146888295e-08,2,True
PSMD8,DR,0.05980478996853618,2,True
PSMG2,DN,0.43277423386721536,1,False
PSMG2,DPN,2.2112407863110855e-41,1,False
PSMG2,DR,5.219748744381022e-106,1,False
PSMG3,DN,4.032726696540716e-13,2,True
PSMG3,DPN,2.324778512533118e-22,2,True
PSMG3,DR,3.020095591608175e-18,2,True
PTPN11,DN,0.43084419108449773,1,True
PTPN11,DPN,0.563414431052401,1,True
PTPN11,DR,4.438474253712944e-07,1,True
PTRH2,DN,1.95400747361745e-05,2,True
PTRH2,DPN,0.0003241461713123202,2,True
PTRH2,DR,0.10830548108714523,2,True
PUM2,DN,4.017490845720667e-165,2,True
PUM2,DPN,0.0016064853239007224,2,True
PUM2,DR,1.7567808676239675e-12,2,True
PURB,DN,1.0,2,True
PURB,DPN,1.0,2,True
PURB,DR,0.25204634111822916,2,True
PWP1,DN,1.1987652005495144e-07,2,True
PWP1,DPN,0.0004980839415894222,2,True
PWP1,DR,3.3593207507318055e-07,2,True
PWP2,DN,5.510471105415022e-09,2,True
PWP2,DPN,0.05880813777618103,2,True
PWP2,DR,4.775146118513199e-08,2,True
QRICH1,DN,0.002854156183808257,2,True
QRICH1,DPN,0.0031759764102550774,2,True
QRICH1,DR,0.0019843414321178564,2,True
R3HCC1,DN,6.36848835945308e-05,2,True
R3HCC1,DPN,0.46953781344745316,2,True
R3HCC1,DR,0.11043671981947989,2,True
RAB11A,DN,0.006006284491911599,2,True
RAB11A,DPN,1.0,2,True
RAB11A,DR,1.0,2,True
RAB11B,DN,0.025071646119524282,2,True
RAB11B,DPN,1.0,2,True
RAB11B,DR,1.0,2,True
RAB2A,DN,0.03374466371954007,2,True
RAB2A,DPN,2.7416242918176268e-06,2,True
RAB2A,DR,0.06100655691462649,2,True
RAB35,DN,1.1309733683111103e-10,2,True
RAB35,DPN,1.7151440620669805e-06,2,True
RAB35,DR,4.3821595167507005e-28,2,True
RAB3GAP1,DN,0.004663487548826567,2,True
RAB3GAP1,DPN,1.0,2,True
RAB3GAP1,DR,1.1331084572881351e-07,2,True
RAB5A,DN,1.0,2,True
RAB5A,DPN,7.239848463427161e-09,2,True
RAB5A,DR,0.0024033126295407094,2,True
RAB6A,DN,0.0015877075264645068,2,True
RAB6A,DPN,0.05182665114088745,2,True
RAB6A,DR,0.0016204211659896237,2,True
RABGGTB,DN,0.005578193796640314,2,True
RABGGTB,DPN,2.852342008583566e-05,2,True
RABGGTB,DR,0.006070807897704076,2,True
RAC1,DN,0.0898569396286916,2,True
RAC1,DPN,0.06145059366578387,2,True
RAC1,DR,0.02014355745617099,2,True
RAD21,DN,0.6416615949968156,1,False
RAD21,DPN,0.6541953096643202,1,False
RAD21,DR,0.23858566023167643,1,False
RAD23A,DN,0.02456059494566208,2,True
RAD23A,DPN,0.005210504215821332,2,True
RAD23A,DR,0.005173984186483146,2,True
RAD23B,DN,1.0801713705988288e-13,2,True
RAD23B,DPN,2.250699324007703e-11,2,True
RAD23B,DR,3.6457920252977575e-11,2,True
RALA,DN,1.6749662877552503e-07,2,True
RALA,DPN,5.5124516383219694e-24,2,True
RALA,DR,1.0,2,True
RALBP1,DN,5.529180169319376e-07,2,True
RALBP1,DPN,1.0,2,True
RALBP1,DR,1.04295811671725e-05,2,True
RALY,DN,5.484486148700034e-90,2,True
RALY,DPN,2.582059340722857e-12,2,True
RALY,DR,0.006220178487379603,2,True
RANBP1,DN,6.5223014319213674e-18,2,True
RANBP1,DPN,0.00030090524066182106,2,True
RANBP1,DR,0.004846484301755353,2,True
RANBP2,DN,1.3876816550087833e-31,2,True
RANBP2,DPN,0.11121848383896507,2,True
RANBP2,DR,0.002039896888394191,2,True
RANBP9,DN,0.09169336584061813,2,True
RANBP9,DPN,5.862374436349366e-19,2,True
RANBP9,DR,0.0009151052104357067,2,True
RANGAP1,DN,9.999999999999999e-301,2,True
RANGAP1,DPN,1.142724325752108e-125,2,True
RANGAP1,DR,9.999999999999999e-301,2,True
RARS2,DN,0.04237227334998263,2,True
RARS2,DPN,0.3483623373467335,2,True
RARS2,DR,1.0,2,True
RBCK1,DN,0.0001130892598705114,2,True
RBCK1,DPN,0.0632513120825484,2,True
RBCK1,DR,3.8593044179826606e-28,2,True
RBM25,DN,0.004506616454351164,1,False
RBM25,DPN,1.200811525137153e-05,1,False
RBM25,DR,1.3702023506810946e-05,1,False
RBM42,DN,3.0740258516202855e-78,1,True
RBM42,DPN,8.098430776862386e-35,1,True
RBM42,DR,2.5276754893208537e-130,1,True
RBM8A,DN,1.1170062158493675e-11,2,True
RBM8A,DPN,3.5745380703892134e-06,2,True
RBM8A,DR,3.7795452453220675e-05,2,True
RBX1,DN,5.767122197334015e-09,2,True
RBX1,DPN,0.011952695902227068,2,True
RBX1,DR,1.0,2,True
RER1,DN,0.0009173744617237432,2,True
RER1,DPN,0.03493895075839215,2,True
RER1,DR,1.3207325347221659e-06,2,True
RERE,DN,3.6698078963028383e-05,2,True
RERE,DPN,0.07370052419083345,2,True
RERE,DR,1.0,2,True
RGP1,DN,0.08710591589066377,2,True
RGP1,DPN,0.18019763865792535,2,True
RGP1,DR,1.0,2,True
RHBDD2,DN,9.999999999999999e-301,2,True
RHBDD2,DPN,1.5518983150589838e-41,2,True
RHBDD2,DR,7.124577246546445e-133,2,True
RHEB,DN,0.7626342363828197,1,False
RHEB,DPN,0.3701313811376612,1,False
RHEB,DR,0.16048535878347803,1,False
RHOT2,DN,0.07419211895577583,2,True
RHOT2,DPN,8.787105892726043e-15,2,True
RHOT2,DR,3.5305883803144555e-74,2,True
RING1,DN,2.1203059621363668e-07,2,True
RING1,DPN,0.0002629676217162972,2,True
RING1,DR,0.008043135186771072,2,True
RMND5A,DN,0.14458231266537766,2,True
RMND5A,DPN,1.0,2,True
RMND5A,DR,7.701213411548347e-11,2,True
RNF139,DN,0.04952127862541973,2,True
RNF139,DPN,0.4636237040998707,2,True
RNF139,DR,0.11269775131250595,2,True
RNF167,DN,3.3797208330040483e-07,2,True
RNF167,DPN,8.148750564920283e-17,2,True
RNF167,DR,0.003663604355582352,2,True
RNF168,DN,0.36859461870625254,2,True
RNF168,DPN,0.0005478903742686034,2,True
RNF168,DR,1.6491395375270691e-07,2,True
RNF181,DN,0.5352190596606827,1,False
RNF181,DPN,0.37848653619969386,1,False
RNF181,DR,0.6020054339339276,1,False
RNF20,DN,1.0,2,True
RNF20,DPN,0.04349685924609741,2,True
RNF20,DR,0.0552988145186681,2,True
RNF216,DN,2.4685491879023925e-214,1,True
RNF216,DPN,2.009876977382704e-90,1,True
RNF216,DR,4.501174102596097e-31,1,True
RNPS1,DN,1.0,2,True
RNPS1,DPN,1.0,2,True
RNPS1,DR,1.0,2,True
RPA1,DN,5.337924155092385e-11,2,True
RPA1,DPN,1.4322621120958763e-25,2,True
RPA1,DR,0.2516279375690215,2,True
RPA2,DN,1.9034471088944413e-43,2,True
RPA2,DPN,1.0,2,True
RPA2,DR,1.148954733851887e-34,2,True
RRN3,DN,0.7129082534069395,1,False
RRN3,DPN,0.7297052511586117,1,False
RRN3,DR,0.37167085974774744,1,False
RRP36,DN,2.797358269038384e-115,1,False
RRP36,DPN,0.0,1,False
RRP36,DR,0.0,1,False
RRP7A,DN,0.7480884996061696,1,False
RRP7A,DPN,9.053406949097361e-12,1,False
RRP7A,DR,0.14141483378014952,1,False
RRP9,DN,0.4921851150195828,2,True
RRP9,DPN,0.015145437044668697,2,True
RRP9,DR,2.9849204380446126e-21,2,True
RSL24D1,DN,0.7670892472796045,1,False
RSL24D1,DPN,7.611855540052145e-05,1,False
RSL24D1,DR,2.079111066399479e-17,1,False
RSRC2,DN,0.49650438832577615,1,False
RSRC2,DPN,0.7335435302947602,1,False
RSRC2,DR,0.21303527891645668,1,False
RTCB,DN,2.301554365563917e-07,1,True
RTCB,DPN,0.27021134870520075,1,True
RTCB,DR,3.8724675802411735e-06,1,True
RTF1,DN,9.999999999999999e-301,2,True
RTF1,DPN,9.999999999999999e-301,2,True
RTF1,DR,9.999999999999999e-301,2,True
RUVBL1,DN,1.3675045145104173e-06,2,True
RUVBL1,DPN,1.2259994420865104e-21,2,True
RUVBL1,DR,0.039819307866504554,2,True
SAR1A,DN,0.0530456376522483,2,True
SAR1A,DPN,0.03903713823945057,2,True
SAR1A,DR,1.0,2,True
SARNP,DN,0.06396101351965817,2,True
SARNP,DPN,1.6369851527112663e-09,2,True
SARNP,DR,0.0004953868395038881,2,True
SARS,DN,3.314359202095308e-29,2,True
SARS,DPN,7.553688243280478e-35,2,True
SARS,DR,4.1780719999167366e-05,2,True
SART3,DN,0.04493690249814536,1,True
SART3,DPN,0.19459471199431513,1,True
SART3,DR,0.3805371424861371,1,True
SAV1,DN,0.035203870185000055,2,True
SAV1,DPN,1.0,2,True
SAV1,DR,1.582913744561411e-05,2,True
SBDS,DN,8.019831916735408e-12,2,True
SBDS,DPN,1.6877768909729406e-08,2,True
SBDS,DR,1.6153978169817083e-25,2,True
SCYL1,DN,2.0723565916531845e-09,1,True
SCYL1,DPN,0.00043341148291695244,1,True
SCYL1,DR,0.03515199769220479,1,True
SCYL2,DN,9.679068467174034e-17,2,True
SCYL2,DPN,1.2428925867349815e-126,2,True
SCYL2,DR,6.254008297413459e-26,2,True
SDF4,DN,0.015210129546335778,1,False
SDF4,DPN,3.0127995601086254e-22,1,False
SDF4,DR,0.933762109462796,1,False
SDHAF2,DN,0.16689558903436308,1,True
SDHAF2,DPN,0.01440710350944563,1,True
SDHAF2,DR,2.3818646766828545e-16,1,True
SEC13,DN,0.8348666580141239,1,True
SEC13,DPN,0.007677982854342102,1,True
SEC13,DR,0.8846442045025511,1,True
SEC24B,DN,8.737426505305161e-13,2,True
SEC24B,DPN,2.8104504813463652e-11,2,True
SEC24B,DR,1.0796458918322565e-20,2,True
SEC31A,DN,0.020462885704485064,2,True
SEC31A,DPN,0.0005711419619375969,2,True
SEC31A,DR,0.00010367439102698404,2,True
SEC62,DN,0.00770299308156809,1,True
SEC62,DPN,0.041065084369396446,1,True
SEC62,DR,0.5306546202486206,1,True
SENP2,DN,1.7040799977925386e-44,2,True
SENP2,DPN,2.076411148845465e-06,2,True
SENP2,DR,5.8779967108695034e-18,2,True
SENP5,DN,0.2631719149342542,2,True
SENP5,DPN,0.056487875963067376,2,True
SENP5,DR,1.0,2,True
SETD5,DN,0.017301923911130706,2,True
SETD5,DPN,8.594992012652753e-119,2,True
SETD5,DR,1.367384367729035e-159,2,True
SF1,DN,0.019769723278563887,2,True
SF1,DPN,0.0012805592006497673,2,True
SF1,DR,0.07777248034577276,2,True
SF3A2,DN,0.003996383150826548,1,True
SF3A2,DPN,0.9827517003465656,1,True
SF3A2,DR,0.010862532753479204,1,True
SF3A3,DN,0.6388765438979829,1,True
SF3A3,DPN,0.005446893833685497,1,True
SF3A3,DR,0.5000643635333979,1,True
SF3B1,DN,3.4122167403476656e-05,2,True
SF3B1,DPN,0.0019339862903870893,2,True
SF3B1,DR,9.92183406574631e-06,2,True
SF3B2,DN,0.11757093229073216,1,False
SF3B2,DPN,0.584707792133229,1,False
SF3B2,DR,0.012137324477250687,1,False
SF3B4,DN,1.0,2,True
SF3B4,DPN,9.200402078850288e-20,2,True
SF3B4,DR,0.007530649697014733,2,True
SF3B5,DN,4.113851091036046e-05,1,False
SF3B5,DPN,4.716020290532936e-08,1,False
SF3B5,DR,0.002497119465170594,1,False
SF3B6,DN,9.901214289519836e-16,2,True
SF3B6,DPN,2.220372326344183e-06,2,True
SF3B6,DR,3.110916599374983e-07,2,True
SGTA,DN,0.00028310157176027927,2,True
SGTA,DPN,0.00031202708346140054,2,True
SGTA,DR,0.007223672755976423,2,True
SH2B1,DN,0.14951828705223694,1,False
SH2B1,DPN,0.006573130718847286,1,False
SH2B1,DR,0.5533977848960137,1,False
SHARPIN,DN,0.00022335175283319205,2,True
SHARPIN,DPN,0.003602433926325572,2,True
SHARPIN,DR,4.470589067241517e-22,2,True
SKP1,DN,2.0210177205481237e-10,2,True
SKP1,DPN,6.246249201947209e-19,2,True
SKP1,DR,3.6609561935923e-31,2,True
SLIRP,DN,0.00015224950406320881,1,True
SLIRP,DPN,1.1486121998647532e-08,1,True
SLIRP,DR,8.020109626649562e-144,1,True
SLTM,DN,8.370895388336322e-08,1,True
SLTM,DPN,0.006670900769089294,1,True
SLTM,DR,0.2174501805367306,1,True
SLU7,DN,0.09777928038571745,2,True
SLU7,DPN,0.01823113871940556,2,True
SLU7,DR,0.0007202336304299041,2,True
SMAD2,DN,0.07780304487073254,1,False
SMAD2,DPN,0.6168258463252861,1,False
SMAD2,DR,1.1807837451052666e-05,1,False
SMAP1,DN,1.4481846357089754e-17,2,True
SMAP1,DPN,0.0016557455597394036,2,True
SMAP1,DR,9.832277259730783e-18,2,True
SMARCB1,DN,0.0025138562671342397,2,True
SMARCB1,DPN,0.005994207251775876,2,True
SMARCB1,DR,0.004391017613771072,2,True
SMDT1,DN,0.0250838010651005,2,True
SMDT1,DPN,0.19680207765534705,2,True
SMDT1,DR,1.0,2,True
SMPD1,DN,0.17985868474539732,1,True
SMPD1,DPN,0.3849170584459312,1,True
SMPD1,DR,0.0026583058454780124,1,True
SMU1,DN,0.0024269330317521778,1,False
SMU1,DPN,7.829216344950255e-05,1,False
SMU1,DR,0.433389467848551,1,False
SMYD5,DN,2.5877048923175766e-06,2,True
SMYD5,DPN,1.0,2,True
SMYD5,DR,0.0015503017551213186,2,True
SNAP29,DN,0.13705289710012167,2,True
SNAP29,DPN,4.262321183205343e-05,2,True
SNAP29,DR,1.0,2,True
SNAPIN,DN,0.2255306078504564,2,True
SNAPIN,DPN,1.0,2,True
SNAPIN,DR,0.0010539449844969332,2,True
SND1,DN,0.0015644599583901442,2,True
SND1,DPN,0.1159478175961471,2,True
SND1,DR,0.2758999661604995,2,True
SNF8,DN,0.03291209896799934,2,True
SNF8,DPN,1.0,2,True
SNF8,DR,0.00015023409721721842,2,True
SNRNP35,DN,0.02683239697012889,2,True
SNRNP35,DPN,0.0027080398150829293,2,True
SNRNP35,DR,3.328567782733244e-13,2,True
SNRNP70,DN,1.0,2,True
SNRNP70,DPN,0.4847046870332885,2,True
SNRNP70,DR,0.05908324488597118,2,True
SNRPA,DN,2.0342922672662696e-10,2,True
SNRPA,DPN,1.8833146535358003e-21,2,True
SNRPA,DR,6.467437996451368e-93,2,True
SNRPB,DN,2.588799763258234e-15,1,False
SNRPB,DPN,0.5019780524678839,1,False
SNRPB,DR,0.6500507918662963,1,False
SNX1,DN,0.03446465104092887,2,True
SNX1,DPN,0.10886892174521873,2,True
SNX1,DR,1.0,2,True
SNX19,DN,0.0001519269997402222,2,True
SNX19,DPN,0.039097779818015856,2,True
SNX19,DR,6.992002616071523e-05,2,True
SNX27,DN,4.564346515768923e-10,1,False
SNX27,DPN,0.04811499106831034,1,False
SNX27,DR,0.7272318203097905,1,False
SNX3,DN,0.041299326227549935,2,True
SNX3,DPN,0.2866282289707045,2,True
SNX3,DR,0.0001630129533860076,2,True
SOD1,DN,1.1796383855347607e-100,1,False
SOD1,DPN,3.7290018599178264e-21,1,False
SOD1,DR,3.4342178480217056e-274,1,False
SP1,DN,1.0,2,True
SP1,DPN,1.0,2,True
SP1,DR,7.322678557440986e-12,2,True
SP2,DN,0.0029804677630797744,2,True
SP2,DPN,3.7938933384975044e-06,2,True
SP2,DR,0.08684499256722726,2,True
SPAG7,DN,5.723735531792564e-07,2,True
SPAG7,DPN,0.08638270630028227,2,True
SPAG7,DR,1.1028123262166038e-09,2,True
SPAG9,DN,1.0,2,True
SPAG9,DPN,0.0005780484285943974,2,True
SPAG9,DR,1.3382391274606135e-07,2,True
SPG7,DN,0.005014273988256775,1,False
SPG7,DPN,0.5578207935213113,1,False
SPG7,DR,0.1753295509045441,1,False
SPPL3,DN,2.4878154551345764e-07,2,True
SPPL3,DPN,1.4338056580233322e-15,2,True
SPPL3,DR,0.010918753103497481,2,True
SPTSSA,DN,0.002402157150054585,2,True
SPTSSA,DPN,0.1281014199587868,2,True
SPTSSA,DR,0.00010308907972396621,2,True
SRM,DN,1.0,2,True
SRM,DPN,0.0022240797501089783,2,True
SRM,DR,4.6797510880547384e-24,2,True
SRP14,DN,0.060263455907598996,2,True
SRP14,DPN,0.00016118415248293,2,True
SRP14,DR,0.081712556900099,2,True
SRP9,DN,1.3127050172223182e-06,2,True
SRP9,DPN,0.0038034552739479627,2,True
SRP9,DR,0.002740279411273739,2,True
SRSF3,DN,0.0004879996871566809,2,True
SRSF3,DPN,1.4056896937911906e-10,2,True
SRSF3,DR,1.0,2,True
SRSF6,DN,0.027259788061088246,2,True
SRSF6,DPN,0.47445642081405287,2,True
SRSF6,DR,0.005307020283719737,2,True
SSNA1,DN,0.2750126273782408,2,True
SSNA1,DPN,5.321676399976224e-05,2,True
SSNA1,DR,0.18595708543935086,2,True
SSR2,DN,7.30904528264608e-05,1,True
SSR2,DPN,2.380869327707327e-22,1,True
SSR2,DR,4.3618399733480845e-34,1,True
SSR3,DN,5.066780737237386e-08,2,True
SSR3,DPN,1.0,2,True
SSR3,DR,1.7119137555577618e-06,2,True
SSRP1,DN,3.295092265413933e-05,2,True
SSRP1,DPN,0.027960860577958897,2,True
SSRP1,DR,4.045137770858774e-06,2,True
SSU72,DN,0.40699453129664664,1,False
SSU72,DPN,0.0258358577146548,1,False
SSU72,DR,0.10806205679416753,1,False
ST13,DN,0.35568555671885416,2,True
ST13,DPN,0.0906691976952317,2,True
ST13,DR,0.004301633047776306,2,True
STAT3,DN,1.0,2,True
STAT3,DPN,1.0,2,True
STAT3,DR,0.0704996137503888,2,True
STAU1,DN,0.0024717747273468125,1,True
STAU1,DPN,0.12134476300394173,1,True
STAU1,DR,0.0300419851073294,1,True
STIM1,DN,0.38224899745545365,1,False
STIM1,DPN,0.37596140349478646,1,False
STIM1,DR,0.00119574444592564,1,False
STK24,DN,0.07158627191167868,2,True
STK24,DPN,3.327190146666868e-07,2,True
STK24,DR,0.22937317692803544,2,True
STK38,DN,5.2857172714151e-56,2,True
STK38,DPN,4.621761197959016e-15,2,True
STK38,DR,1.0,2,True
STRAP,DN,2.532868717480296e-14,2,True
STRAP,DPN,4.846423857572054e-94,2,True
STRAP,DR,7.697497541567703e-171,2,True
STRN4,DN,4.0538841092909377e-07,2,True
STRN4,DPN,0.1135237174153396,2,True
STRN4,DR,0.002045942142092501,2,True
STUB1,DN,1.0,2,True
STUB1,DPN,0.061185939935452224,2,True
STUB1,DR,1.0,2,True
STX4,DN,0.04339590585395081,2,True
STX4,DPN,1.0,2,True
STX4,DR,0.023261824167398554,2,True
STX5,DN,3.386160486955166e-39,2,True
STX5,DPN,2.1955726247740504e-18,2,True
STX5,DR,2.6732459318659274e-71,2,True
STX8,DN,2.2586350044269704e-05,1,True
STX8,DPN,1.3758537353018016e-05,1,True
STX8,DR,0.0013492091837783232,1,True
SUGT1,DN,7.762713560590824e-10,2,True
SUGT1,DPN,0.030912730238783173,2,True
SUGT1,DR,1.0,2,True
SUMO1,DN,0.6873154803761339,1,False
SUMO1,DPN,0.8395915439955586,1,False
SUMO1,DR,0.8810353637676112,1,False
SUPT6H,DN,0.10005295775154492,1,True
SUPT6H,DPN,1.910169546811609e-08,1,True
SUPT6H,DR,2.582033361241489e-107,1,True
SURF4,DN,1.3617356312690736e-25,2,True
SURF4,DPN,1.3300519304202736e-17,2,True
SURF4,DR,0.02056887197763722,2,True
SYF2,DN,2.164759378388029e-09,2,True
SYF2,DPN,0.00558464527900753,2,True
SYF2,DR,0.0323341072511975,2,True
TAB1,DN,0.000994272459047683,2,True
TAB1,DPN,0.34827854311261364,2,True
TAB1,DR,1.3949064072006433e-06,2,True
TADA3,DN,2.3712280351615247e-07,1,False
TADA3,DPN,0.2969635504541927,1,False
TADA3,DR,1.833491247240621e-05,1,False
TAF10,DN,0.0005822900924540759,2,True
TAF10,DPN,0.06808399264640835,2,True
TAF10,DR,0.07689091641727254,2,True
TAOK2,DN,0.0007010997065985365,1,True
TAOK2,DPN,0.002515703370777637,1,True
TAOK2,DR,6.756203382754331e-11,1,True
TARDBP,DN,0.00023032131955000892,2,True
TARDBP,DPN,0.0038805188571417993,2,True
TARDBP,DR,1.5678427089260147e-10,2,True
TAX1BP1,DN,0.801520715138001,1,False
TAX1BP1,DPN,0.65946501501684,1,False
TAX1BP1,DR,0.14025743510024283,1,False
TBC1D20,DN,0.5005998379687919,1,False
TBC1D20,DPN,0.5782655518989024,1,False
TBC1D20,DR,0.9701620489991107,1,False
TBCA,DN,0.021822758411603783,2,True
TBCA,DPN,0.0015532082838806633,2,True
TBCA,DR,0.07553655230685093,2,True
TBCB,DN,8.305476071653292e-06,2,True
TBCB,DPN,1.0,2,True
TBCB,DR,0.0032935758811378957,2,True
TBCD,DN,1.0,2,True
TBCD,DPN,0.18384083780755364,2,True
TBCD,DR,0.16059789403967725,2,True
TBK1,DN,0.00018433836496386722,2,True
TBK1,DPN,0.06035031464490058,2,True
TBK1,DR,1.4669478564194581e-09,2,True
TBL1XR1,DN,1.734777701266382e-07,2,True
TBL1XR1,DPN,0.0008836022730178782,2,True
TBL1XR1,DR,0.2801246408999703,2,True
TCP1,DN,0.014941127374853647,2,True
TCP1,DPN,1.0,2,True
TCP1,DR,2.0193047574840602e-09,2,True
TERF2IP,DN,0.6993087269511826,1,True
TERF2IP,DPN,0.14429088705248955,1,True
TERF2IP,DR,0.7781900216317947,1,True
TEX261,DN,0.0007520134848422735,2,True
TEX261,DPN,3.153901577779944e-26,2,True
TEX261,DR,0.005797578190226082,2,True
THOC7,DN,0.14508714718502827,2,True
THOC7,DPN,1.3418102459459813e-07,2,True
THOC7,DR,0.0085168644632943,2,True
THRAP3,DN,4.189221488440467e-06,2,True
THRAP3,DPN,1.525423945786294e-16,2,True
THRAP3,DR,2.6288813559990465e-50,2,True
TIMM17A,DN,1.0,2,True
TIMM17A,DPN,1.0,2,True
TIMM17A,DR,0.02022071584009667,2,True
TMBIM6,DN,0.43303928534153224,1,False
TMBIM6,DPN,0.01633011056545488,1,False
TMBIM6,DR,0.00010977972039882605,1,False
TMCO1,DN,5.334071837551259e-44,1,False
TMCO1,DPN,0.0055998984659228835,1,False
TMCO1,DR,2.235534985843876e-10,1,False
TMED1,DN,0.10164122984249398,2,True
TMED1,DPN,0.20554397479757186,2,True
TMED1,DR,6.1256920173104675e-27,2,True
TMED10,DN,0.06194175568951959,2,True
TMED10,DPN,0.01621486573803144,2,True
TMED10,DR,1.745463569138462e-41,2,True
TMED4,DN,0.007082989816714898,1,True
TMED4,DPN,0.43671329675124937,1,True
TMED4,DR,0.8897370649112257,1,True
TMED9,DN,0.21583131223537713,2,True
TMED9,DPN,0.0003502946379062858,2,True
TMED9,DR,1.0,2,True
TMEM101,DN,8.029422167333987e-30,1,True
TMEM101,DPN,8.954031787145198e-87,1,True
TMEM101,DR,0.004703211586493259,1,True
TMEM127,DN,0.06993152424627253,2,True
TMEM127,DPN,0.0007303157892467623,2,True
TMEM127,DR,0.03082685126913911,2,True
TMEM147,DN,0.003441751527229855,1,False
TMEM147,DPN,0.3068462349159259,1,False
TMEM147,DR,0.6652567005389187,1,False
TMEM165,DN,0.03617166843208774,2,True
TMEM165,DPN,0.11304740532111622,2,True
TMEM165,DR,1.0,2,True
TMEM203,DN,0.00014791319204675288,2,True
TMEM203,DPN,0.05048353460328833,2,True
TMEM203,DR,0.0014030239916802299,2,True
TMEM230,DN,7.787490640028186e-08,2,True
TMEM230,DPN,7.387034179810167e-20,2,True
TMEM230,DR,1.2182215747436742e-33,2,True
TMEM245,DN,0.00030174952509720826,2,True
TMEM245,DPN,4.850601775543076e-10,2,True
TMEM245,DR,5.086394207535506e-09,2,True
TMEM248,DN,1.791229359431721e-07,2,True
TMEM248,DPN,1.0423377334667696e-17,2,True
TMEM248,DR,2.9834965145687853e-27,2,True
TMEM256,DN,1.7478732680559023e-21,2,True
TMEM256,DPN,1.807083915573913e-187,2,True
TMEM256,DR,4.741047887259511e-05,2,True
TMEM258,DN,0.44442019159991397,2,True
TMEM258,DPN,1.0048912757268901e-07,2,True
TMEM258,DR,0.02121584464988155,2,True
TMEM30A,DN,1.8618733534238893e-06,2,True
TMEM30A,DPN,1.0,2,True
TMEM30A,DR,3.1712554811893705e-06,2,True
TMEM42,DN,1.1813542864394194e-44,2,True
TMEM42,DPN,0.0012127333409199643,2,True
TMEM42,DR,3.075789404863969e-55,2,True
TMEM50A,DN,0.2643083760593392,2,True
TMEM50A,DPN,0.25588728799938854,2,True
TMEM50A,DR,1.0,2,True
TMEM60,DN,0.10212601773757743,1,True
TMEM60,DPN,0.01732206894978149,1,True
TMEM60,DR,0.03560414321783342,1,True
TMX3,DN,0.026377196429609066,1,True
TMX3,DPN,5.332077830730463e-10,1,True
TMX3,DR,0.0004926508345390202,1,True
TMX4,DN,0.17231643093917234,1,False
TMX4,DPN,0.38093025051886964,1,False
TMX4,DR,0.0005693429156812163,1,False
TNKS2,DN,0.00016173200834227619,2,True
TNKS2,DPN,0.016225027513581593,2,True
TNKS2,DR,7.192660073989381e-05,2,True
TOLLIP,DN,3.3621725514526326e-06,1,True
TOLLIP,DPN,0.2365193477623787,1,True
TOLLIP,DR,0.560837182015317,1,True
TOMM20,DN,2.4051603610036997e-10,2,True
TOMM20,DPN,1.8803430589935602e-11,2,True
TOMM20,DR,0.0006154399214923137,2,True
TOMM22,DN,0.003105744339067285,2,True
TOMM22,DPN,0.26840973488789627,2,True
TOMM22,DR,0.012739069352720329,2,True
TOMM70,DN,0.25237240080638945,1,True
TOMM70,DPN,0.035848522064587274,1,True
TOMM70,DR,0.07362385514418486,1,True
TOR1A,DN,0.04618946212713326,2,True
TOR1A,DPN,7.506828091810214e-07,2,True
TOR1A,DR,0.0007418048033930537,2,True
TOR1B,DN,8.462009920248196e-24,2,True
TOR1B,DPN,1.9841904878165816e-07,2,True
TOR1B,DR,1.4004583140588527e-06,2,True
TPP2,DN,0.014009621175343108,2,True
TPP2,DPN,0.0019639981670160774,2,True
TPP2,DR,0.0004156505012594201,2,True
TRAM1,DN,0.018974782631886178,2,True
TRAM1,DPN,0.0010197431406886843,2,True
TRAM1,DR,0.00010688329655871003,2,True
TRAPPC3,DN,0.05284238340951385,1,False
TRAPPC3,DPN,0.16192364243003407,1,False
TRAPPC3,DR,0.14582336209209792,1,False
TRIM28,DN,0.21376374359844286,1,False
TRIM28,DPN,0.5597600069283472,1,False
TRIM28,DR,0.0011171014825763687,1,False
TRIP12,DN,0.22403595643598598,1,False
TRIP12,DPN,0.3312143959188394,1,False
TRIP12,DR,0.7323648135448547,1,False
TRIP4,DN,6.885669306968292e-17,2,True
TRIP4,DPN,5.385045213321918e-25,2,True
TRIP4,DR,5.305540535597002e-16,2,True
TRMT112,DN,2.8006526633158894e-15,2,True
TRMT112,DPN,5.1827970305854475e-08,2,True
TRMT112,DR,1.0,2,True
TRPC4AP,DN,2.5897522054578025e-28,1,False
TRPC4AP,DPN,4.2624765292927196e-07,1,False
TRPC4AP,DR,2.886058754704124e-19,1,False
TSPYL1,DN,0.17475494241961484,2,True
TSPYL1,DPN,1.0,2,True
TSPYL1,DR,1.0,2,True
TSR3,DN,0.0043975553061909,1,False
TSR3,DPN,0.3265319387208497,1,False
TSR3,DR,0.002120105635396814,1,False
TTC1,DN,0.20730036692187934,1,False
TTC1,DPN,2.7894685435529637e-09,1,False
TTC1,DR,0.00020155122390792525,1,False
TTC37,DN,0.0003153774204070276,2,True
TTC37,DPN,0.0007966700589204591,2,True
TTC37,DR,8.723818239570544e-13,2,True
TUBG1,DN,0.25989606949554167,2,True
TUBG1,DPN,2.3015331225937174e-12,2,True
TUBG1,DR,0.002156902040455521,2,True
TXN2,DN,3.8278197672436417e-07,2,True
TXN2,DPN,2.057581404353036e-68,2,True
TXN2,DR,7.537536228826443e-21,2,True
TXNL1,DN,0.00014541878436993342,2,True
TXNL1,DPN,2.9433151246116506e-05,2,True
TXNL1,DR,4.249597723720852e-13,2,True
U2AF2,DN,0.026674849161410483,2,True
U2AF2,DPN,0.18423409205703342,2,True
U2AF2,DR,0.0003829293902529165,2,True
UBE2F,DN,0.08941768636856333,2,True
UBE2F,DPN,0.06436842287914171,2,True
UBE2F,DR,0.000552440372806298,2,True
UBE2G1,DN,0.02417504702145596,1,False
UBE2G1,DPN,0.7660019251533436,1,False
UBE2G1,DR,0.6406236709656832,1,False
UBE2I,DN,0.00568164108789555,2,True
UBE2I,DPN,0.0046495410092077145,2,True
UBE2I,DR,0.018189041796575933,2,True
UBE2J1,DN,0.14776653715592752,1,False
UBE2J1,DPN,0.49514415837143255,1,False
UBE2J1,DR,2.1997478423351987e-10,1,False
UBE2Q1,DN,0.02716889999802189,2,True
UBE2Q1,DPN,0.00014711830742479185,2,True
UBE2Q1,DR,1.4005005691327459e-30,2,True
UBE2Z,DN,0.174514673792063,2,True
UBE2Z,DPN,3.445298212514125e-05,2,True
UBE2Z,DR,0.00951554613798869,2,True
UBFD1,DN,2.059794028727822e-06,2,True
UBFD1,DPN,0.09481191229434718,2,True
UBFD1,DR,0.22765096266277726,2,True
UBL5,DN,0.04283900138225215,2,True
UBL5,DPN,0.021430503340924605,2,True
UBL5,DR,1.0,2,True
UBL7,DN,1.6952035715791456e-61,2,True
UBL7,DPN,6.476901187375358e-09,2,True
UBL7,DR,0.0011540147770926518,2,True
UBP1,DN,1.0,2,True
UBP1,DPN,0.09705509590770027,2,True
UBP1,DR,0.004197548355084402,2,True
UBQLN1,DN,0.26116264414530815,2,True
UBQLN1,DPN,1.0,2,True
UBQLN1,DR,0.015222096574558797,2,True
UBR4,DN,8.221513201458469e-05,2,True
UBR4,DPN,0.09503217581004358,2,True
UBR4,DR,1.0,2,True
UFC1,DN,1.471843406162233e-167,2,True
UFC1,DPN,9.999999999999999e-301,2,True
UFC1,DR,9.999999999999999e-301,2,True
UFL1,DN,0.07884184638925197,1,True
UFL1,DPN,0.00369416145368305,1,True
UFL1,DR,0.0007108355584937194,1,True
UFM1,DN,0.009323012843492549,1,False
UFM1,DPN,0.05592658702850853,1,False
UFM1,DR,0.9488316929921016,1,False
UGP2,DN,2.25846488657505e-13,2,True
UGP2,DPN,4.230570654971694e-59,2,True
UGP2,DR,0.000851901783082091,2,True
UROD,DN,0.001082699864505365,2,True
UROD,DPN,0.15976445065248512,2,True
UROD,DR,3.2433132005966295e-07,2,True
USB1,DN,7.350043635819038e-13,2,True
USB1,DPN,9.091391169113376e-08,2,True
USB1,DR,0.05578818449172063,2,True
USP14,DN,0.00016062591049508575,2,True
USP14,DPN,0.0020382111009805575,2,True
USP14,DR,0.005342738546134947,2,True
USP22,DN,0.003733958974468259,1,True
USP22,DPN,0.9940506631358714,1,True
USP22,DR,0.0001586570823166969,1,True
USP39,DN,0.03090904296271978,1,False
USP39,DPN,0.2523788437034951,1,False
USP39,DR,0.005613696786216934,1,False
USP4,DN,0.03470211067288833,2,True
USP4,DPN,1.0,2,True
USP4,DR,1.0,2,True
USP48,DN,7.926046984567539e-51,2,True
USP48,DPN,5.643901877834734e-16,2,True
USP48,DR,1.5148714503048614e-38,2,True
UTP18,DN,3.523085782056618e-05,2,True
UTP18,DPN,0.0010085139848041646,2,True
UTP18,DR,0.0004062431850229259,2,True
UTP3,DN,1.0,2,True
UTP3,DPN,0.3670644603706427,2,True
UTP3,DR,0.004950275924307193,2,True
VDAC1,DN,1.579819548878284e-17,2,True
VDAC1,DPN,0.0008063842332746165,2,True
VDAC1,DR,1.0,2,True
VEZF1,DN,9.654210575853112e-09,2,True
VEZF1,DPN,1.2963067131353941e-25,2,True
VEZF1,DR,1.2391985205518082e-23,2,True
VPS16,DN,1.6534090747545363e-32,1,False
VPS16,DPN,7.688296193689458e-43,1,False
VPS16,DR,1.4912302433061233e-08,1,False
VPS26A,DN,1.0900460581475605e-05,1,False
VPS26A,DPN,8.037406244695742e-07,1,False
VPS26A,DR,9.874344996632452e-21,1,False
VPS26B,DN,0.0031594903303206515,2,True
VPS26B,DPN,0.3044254970192321,2,True
VPS26B,DR,0.05428973305510499,2,True
VPS29,DN,0.014960203249911147,2,True
VPS29,DPN,1.0,2,True
VPS29,DR,5.99553275040982e-15,2,True
VPS36,DN,2.5031750859706632e-26,2,True
VPS36,DPN,0.01214314936388241,2,True
VPS36,DR,0.03212072181348547,2,True
VPS37C,DN,7.45125393451094e-08,2,True
VPS37C,DPN,0.27637878315000264,2,True
VPS37C,DR,2.4443176294561234e-17,2,True
VPS52,DN,3.887703690433092e-15,2,True
VPS52,DPN,0.0016115865487512388,2,True
VPS52,DR,2.00932362683825e-11,2,True
VTI1B,DN,0.0001732374280870391,2,True
VTI1B,DPN,0.15804430993106036,2,True
VTI1B,DR,1.0,2,True
WAC,DN,0.22628572396616536,1,True
WAC,DPN,0.14689013417139132,1,True
WAC,DR,0.2326468646297662,1,True
WASL,DN,0.07394364691956185,2,True
WASL,DPN,7.01849668782962e-15,2,True
WASL,DR,1.0,2,True
WBP4,DN,0.025999538750807637,1,False
WBP4,DPN,1.320263084518297e-29,1,False
WBP4,DR,0.0001604414794542779,1,False
WDR45B,DN,0.0008864288622617116,2,True
WDR45B,DPN,1.0,2,True
WDR45B,DR,0.268049145436576,2,True
WDR46,DN,0.0003216567865803871,2,True
WDR46,DPN,2.114572225010938e-05,2,True
WDR46,DR,7.536877515068958e-52,2,True
WDR55,DN,0.007285448841252803,1,True
WDR55,DPN,0.03340725083411826,1,True
WDR55,DR,0.4398178494394318,1,True
WDR82,DN,2.2680229444606547e-05,1,False
WDR82,DPN,0.0848993474104594,1,False
WDR82,DR,1.5077808063684687e-05,1,False
WDR83OS,DN,4.053192583430439e-38,2,True
WDR83OS,DPN,1.3575759007565309e-24,2,True
WDR83OS,DR,1.422949699955775e-94,2,True
WHAMM,DN,0.013025564876832218,2,True
WHAMM,DPN,0.16866070219547777,2,True
WHAMM,DR,0.07676821720477223,2,True
WIPI2,DN,1.0,2,True
WIPI2,DPN,0.017092104191530816,2,True
WIPI2,DR,2.8170352181970274e-07,2,True
YARS,DN,0.0070436493425218285,2,True
YARS,DPN,6.908116793585121e-15,2,True
YARS,DR,1.0,2,True
YIF1A,DN,0.08329698403748968,2,True
YIF1A,DPN,1.0,2,True
YIF1A,DR,1.0,2,True
YIPF3,DN,4.376289244718455e-08,2,True
YIPF3,DPN,0.14770711730186892,2,True
YIPF3,DR,9.999999999999999e-301,2,True
YKT6,DN,1.6760687494901381e-06,1,False
YKT6,DPN,0.0594988894789616,1,False
YKT6,DR,2.7041508999028085e-06,1,False
YME1L1,DN,0.001601524047058726,1,False
YME1L1,DPN,0.4769519772899482,1,False
YME1L1,DR,0.5139942026643679,1,False
YWHAB,DN,0.0008877005486704399,2,True
YWHAB,DPN,8.335431523088006e-09,2,True
YWHAB,DR,0.0001699499334476702,2,True
YY1,DN,0.21953394469853152,2,True
YY1,DPN,0.04476783965163899,2,True
YY1,DR,1.706164806681555e-05,2,True
ZBTB17,DN,0.03765003955042076,1,False
ZBTB17,DPN,0.8781861770164396,1,False
ZBTB17,DR,0.6020116350066975,1,False
ZC3H15,DN,1.0294295949682859e-10,1,True
ZC3H15,DPN,0.3616713111456146,1,True
ZC3H15,DR,1.0659179232771146e-06,1,True
ZC3H18,DN,0.00015373327526851442,2,True
ZC3H18,DPN,0.06083303791950408,2,True
ZC3H18,DR,9.859237841551511e-15,2,True
ZC3H3,DN,0.014405702286794888,2,True
ZC3H3,DPN,0.20121906441544232,2,True
ZC3H3,DR,0.0027864164687438943,2,True
ZDHHC6,DN,9.602284999074942e-08,2,True
ZDHHC6,DPN,0.0001128418416226446,2,True
ZDHHC6,DR,5.966499374047155e-20,2,True
ZDHHC7,DN,0.0004957765823130008,2,True
ZDHHC7,DPN,2.8768699001009926e-05,2,True
ZDHHC7,DR,0.0007816218694614288,2,True
ZFP91,DN,1.0,2,True
ZFP91,DPN,0.08181130710756374,2,True
ZFP91,DR,0.34824110096536454,2,True
ZFPL1,DN,0.0016535170448616027,2,True
ZFPL1,DPN,0.054434452437111994,2,True
ZFPL1,DR,1.0,2,True
ZMAT2,DN,0.005273365662648969,2,True
ZMAT2,DPN,1.0,2,True
ZMAT2,DR,0.42639561839892703,2,True
ZMPSTE24,DN,1.101370543355103e-47,2,True
ZMPSTE24,DPN,8.065079210641379e-23,2,True
ZMPSTE24,DR,1.909691938155995e-36,2,True
ZNF146,DN,0.5672374500177964,1,False
ZNF146,DPN,7.60912601591335e-26,1,False
ZNF146,DR,0.6942683942123201,1,False
ZNF330,DN,0.023995997565967028,2,True
ZNF330,DPN,0.055585980438053566,2,True
ZNF330,DR,1.0,2,True
ZNF777,DN,0.020662863234985788,2,True
ZNF777,DPN,0.00839191207524331,2,True
ZNF777,DR,1.0,2,True
ZNF865,DN,0.930606667063878,1,False
ZNF865,DPN,0.007118873466599736,1,False
ZNF865,DR,0.004106911822030938,1,False
ZRANB1,DN,1.238044934336486e-07,2,True
ZRANB1,DPN,1.6711896457634522e-12,2,True
ZRANB1,DR,0.05480526856055803,2,True
ZRANB2,DN,1.0,2,True
ZRANB2,DPN,1.6336265164761968e-06,2,True
ZRANB2,DR,2.7308832602340964e-10,2,True
ZYG11B,DN,0.3629292900815168,1,False
ZYG11B,DPN,0.39073834336459573,1,False
ZYG11B,DR,0.39644020243578026,1,False
